genome	variant_type	axis	coverage	read_length	qs_shift	condition	n_seeds	aligner_spread	caller_spread	best_aligner	worst_aligner	best_caller	seed_sd	best_pipeline	runner_up	best_minus_runner_up	f1_range	worst_pipeline	resid_df	aligner_F	aligner_p	aligner_eta2p	aligner_share	caller_F	caller_p	caller_eta2p	caller_share	interaction_F	interaction_p	interaction_eta2p	interaction_share	friedman_chi2	friedman_p	aligner_q	caller_q	interaction_q	friedman_q
ecoli	SNV	coverage	100	150	0	coverage 100x	5	0.00628	0.00234667	bwa	bowtie2	gatk	0.000387442	bwa+freebayes	minimap2+freebayes	0	0.01104	bowtie2+freebayes	32	1389.01	7.99916e-32	0.988612	0.69171	185.56	2.48568e-18	0.920619	0.0924066	216.756	1.09073e-22	0.964406	0.215883	39.7555	3.55773e-06	5.12207e-31	1.36712e-17	1.1998e-21	6.24473e-06
ecoli	SNV	coverage	10	150	0	coverage 10x	5	0.00318	0.00165333	bwa	bowtie2	freebayes	0.000521536	minimap2+freebayes	bwa+freebayes	4e-05	0.00522	bowtie2+gatk	32	260.309	1.59805e-20	0.942094	0.712288	61.353	1.12277e-11	0.793156	0.167881	21.8964	8.78993e-09	0.732409	0.119831	38.1953	6.92792e-06	1.75786e-20	4.11681e-11	1.07432e-08	6.92792e-06
ecoli	SNV	coverage	20	150	0	coverage 20x	5	0.00372	0.000453333	bwa	bowtie2	bcftools	0.000415532	minimap2+freebayes	bwa+freebayes	2e-05	0.00456	bowtie2+gatk	32	511.567	5.12241e-25	0.969672	0.917155	7.97535	0.00154768	0.332648	0.0142985	19.1167	4.04414e-08	0.704979	0.0685463	38.3784	6.4082e-06	9.39108e-25	0.00212806	4.44856e-08	6.92792e-06
ecoli	SNV	read_length	30	100	0	read length 100bp	5	0.00517333	0.00134667	bwa	bowtie2	gatk	0.000511968	minimap2+freebayes	bwa+freebayes	6e-05	0.0091	bowtie2+freebayes	32	534.599	2.58556e-25	0.970941	0.722312	28.7846	7.04467e-08	0.642734	0.0388917	88.3691	7.9718e-17	0.916986	0.238796	39.3568	4.22003e-06	5.68823e-25	1.54983e-07	1.75379e-16	6.24473e-06
ecoli	SNV	qs_shift	30	150	-10	qs shift -10	5	0.00617333	0.0009	bwa	bowtie2	gatk	0.000408384	bwa+freebayes	minimap2+freebayes	6e-05	0.00936	bowtie2+freebayes	32	1375.72	9.31286e-32	0.988503	0.846115	24.4795	3.54937e-07	0.604739	0.0150557	112.863	2.16392e-18	0.93381	0.138829	39.2336	4.44831e-06	5.12207e-31	6.50717e-07	8.32451e-18	6.24473e-06
ecoli	SNV	qs_shift	30	150	-2	qs shift -2	5	0.00448	0.00046	bwa	bowtie2	gatk	0.000340261	bwa+freebayes	minimap2+freebayes	0	0.00672	bowtie2+freebayes	32	1133.26	1.9918e-30	0.986078	0.834085	9.60107	0.000541737	0.375026	0.00706646	107.912	4.21366e-18	0.930982	0.158848	39.6991	3.64471e-06	7.30327e-30	0.000851302	1.15876e-17	6.24473e-06
ecoli	SNV	qs_shift	30	150	-5	qs shift -5	5	0.00489333	0.000646667	bwa	bowtie2	gatk	0.00049632	bwa+freebayes	minimap2+freebayes	0	0.00684	bowtie2+freebayes	32	491.74	9.45486e-25	0.968488	0.883703	7.06507	0.00287503	0.306311	0.0126966	28.8245	3.32935e-10	0.782753	0.103601	39.5382	3.90478e-06	1.48576e-24	0.00351392	4.57785e-10	6.24473e-06
ecoli	SNV	baseline	30	150	0	baseline (30x, 150bp, qs0)	5	0.00453333	0.000433333	bwa	bowtie2	gatk	0.000450679	minimap2+freebayes	bwa+freebayes	2e-05	0.0066	bowtie2+freebayes	32	438.882	5.48953e-24	0.964826	0.862592	4.13594	0.0252563	0.205401	0.00812889	32.8883	6.39607e-11	0.804345	0.129279	39.1851	4.54162e-06	7.5481e-24	0.027782	1.0051e-10	6.24473e-06
ecoli	SNV	read_length	30	75	0	read length 75bp	5	0.00388667	0.000233333	bwa	bowtie2	gatk	0.000466309	minimap2+freebayes	bwa+freebayes	6e-05	0.00692	bowtie2+freebayes	32	320.722	6.75427e-22	0.952483	0.735157	1.12724	0.336451	0.0658156	0.00258385	57.2071	3.9617e-14	0.877314	0.26226	38.7205	5.53828e-06	8.25522e-22	0.336451	7.26312e-14	6.76901e-06
ecoli	SNV	coverage	50	150	0	coverage 50x	5	0.00502	0.00104	bwa	bowtie2	gatk	0.000364844	minimap2+freebayes	bwa+freebayes	2e-05	0.00814	bowtie2+freebayes	32	957.327	2.84303e-29	0.983562	0.784694	37.6737	3.88807e-09	0.701902	0.0308801	112.5	2.27032e-18	0.93361	0.184426	39.3763	4.185e-06	7.81833e-29	1.06922e-08	8.32451e-18	6.24473e-06
ecoli	SNV	coverage	5	150	0	coverage 5x	5	0.00333333	0.01706	bwa	bowtie2	bcftools	0.00187009	bwa+bcftools	minimap2+bcftools	0.00048	0.02148	bowtie2+gatk	32	114.505	2.60561e-15	0.877399	0.0409697	2657.35	2.71034e-36	0.994015	0.950801	11.5002	6.7196e-06	0.589748	0.00822955	39.9463	3.27835e-06	2.60561e-15	2.98137e-35	6.7196e-06	6.24473e-06
ecoli	INDEL	coverage	100	150	0	coverage 100x	5	0.01366	0.00779333	minimap2	bowtie2	gatk	0.000483276	bwa+gatk	minimap2+gatk	0.0002	0.02588	bowtie2+bcftools	32	3900.81	6.01162e-39	0.995915	0.599545	980.234	1.95946e-29	0.98394	0.150659	812.621	1.121e-31	0.990251	0.249795	39.274	4.37219e-06	6.61279e-38	2.15541e-28	1.2331e-30	1.18839e-05
ecoli	INDEL	coverage	10	150	0	coverage 10x	5	0.00714	0.00383333	minimap2	bowtie2	freebayes	0.00116552	minimap2+freebayes	bwa+gatk	0.0003	0.01326	bowtie2+bcftools	32	255.916	2.06524e-20	0.941158	0.682517	71.9743	1.43293e-12	0.818129	0.191953	23.5344	3.80937e-09	0.746309	0.125531	38.0475	7.37782e-06	2.27177e-20	1.75136e-12	4.19031e-09	1.18839e-05
ecoli	INDEL	coverage	20	150	0	coverage 20x	5	0.00960667	0.0046	minimap2	bowtie2	gatk	0.00103527	bwa+gatk	minimap2+freebayes	0.0002	0.01716	bowtie2+bcftools	32	465.358	2.2204e-24	0.966761	0.697883	85.5657	1.43868e-13	0.842467	0.12832	57.9452	3.31367e-14	0.878687	0.173797	37.6752	8.64284e-06	2.71382e-24	1.97819e-13	4.5563e-14	1.18839e-05
ecoli	INDEL	read_length	30	100	0	read length 100bp	5	0.0163067	0.00904	minimap2	bowtie2	gatk	0.000803949	bwa+gatk	minimap2+gatk	0.0003	0.02872	bowtie2+bcftools	32	1973.57	3.06028e-34	0.991958	0.679776	482.352	1.2745e-24	0.967894	0.166141	223.673	6.72271e-23	0.965469	0.154083	39.3255	4.27696e-06	8.41577e-34	4.67316e-24	1.84875e-22	1.18839e-05
ecoli	INDEL	qs_shift	30	150	-10	qs shift -10	5	0.0093	0.00384667	minimap2	bowtie2	gatk	0.000880593	bwa+gatk	minimap2+freebayes	0	0.01492	bowtie2+bcftools	32	517.567	4.2746e-25	0.970013	0.784341	70.5839	1.84894e-12	0.815208	0.106966	35.8622	2.11175e-11	0.817611	0.108694	36.2474	1.58201e-05	5.87757e-25	2.03384e-12	2.58103e-11	1.74021e-05
ecoli	INDEL	qs_shift	30	150	-2	qs shift -2	5	0.0106867	0.00472	minimap2	bowtie2	gatk	0.00049475	bwa+gatk	minimap2+freebayes	0.0003	0.01776	bowtie2+bcftools	32	2407.3	1.30436e-35	0.993397	0.71928	359.966	1.15758e-22	0.957443	0.107554	289.778	1.22037e-24	0.973134	0.173166	37.9652	7.6407e-06	7.17395e-35	2.54668e-22	4.4747e-24	1.18839e-05
ecoli	INDEL	qs_shift	30	150	-5	qs shift -5	5	0.01028	0.00464667	minimap2	bowtie2	gatk	0.000735074	bwa+gatk	minimap2+freebayes	0.0001	0.01744	bowtie2+bcftools	32	902.522	7.18604e-29	0.982581	0.698269	143.07	1.09781e-16	0.899415	0.110691	123.461	5.66947e-19	0.939145	0.19104	36.2592	1.57417e-05	1.12923e-28	1.72514e-16	8.90916e-19	1.74021e-05
ecoli	INDEL	baseline	30	150	0	baseline (30x, 150bp, qs0)	5	0.0104467	0.00474667	minimap2	bowtie2	gatk	0.000682561	bwa+gatk	minimap2+freebayes	0.0001	0.01814	bowtie2+bcftools	32	1143.47	1.72878e-30	0.986201	0.691354	179.656	3.99985e-18	0.918224	0.108621	165.416	6.84181e-21	0.953868	0.200024	38.0467	7.38026e-06	3.16943e-30	7.33306e-18	1.5052e-20	1.18839e-05
ecoli	INDEL	read_length	30	75	0	read length 75bp	5	0.0175667	0.0112	minimap2	bowtie2	gatk	0.00092111	bwa+gatk	minimap2+gatk	0.0007	0.033	bowtie2+bcftools	32	1488.77	2.6693e-32	0.989367	0.643474	515.326	4.57232e-25	0.969887	0.222733	154.775	1.87898e-20	0.950852	0.133793	39.9466	3.27797e-06	5.87245e-32	2.51478e-24	3.44481e-20	1.18839e-05
ecoli	INDEL	coverage	50	150	0	coverage 50x	5	0.0116333	0.0058	minimap2	bowtie2	gatk	0.000552771	bwa+gatk	minimap2+bcftools	0	0.0204	bowtie2+bcftools	32	2159.23	7.34227e-35	0.992644	0.648815	415.872	1.25962e-23	0.962952	0.124963	376.43	2.06171e-26	0.97919	0.226222	37.9007	7.85301e-06	2.69217e-34	3.46395e-23	1.13394e-25	1.18839e-05
ecoli	INDEL	coverage	5	150	0	coverage 5x	5	0.00459333	0.00512	minimap2	bowtie2	gatk	0.00483047	bwa+gatk	minimap2+gatk	0.0004	0.01068	bowtie2+bcftools	32	28.406	8.06954e-08	0.639689	0.398389	32.7014	1.84188e-08	0.671467	0.45863	5.09742	0.00271287	0.389193	0.142981	32.4154	7.84598e-05	8.06954e-08	1.84188e-08	0.00271287	7.84598e-05
phiX	SNV	coverage	100	150	0	coverage 100x	5	0.00066	0.00132	bowtie2	bwa	freebayes	0.0020871	bowtie2+bcftools	bowtie2+freebayes	0	0.00198	minimap2+bcftools	32	0.571429	0.570375	0.0344828	0.142857	2.28571	0.118067	0.125	0.571429	0.571429	0.685265	0.0666667	0.285714	8	0.43347	1	0.157423	1	0.505715
phiX	SNV	coverage	10	150	0	coverage 10x	5	0	0.00404	bowtie2	bowtie2	bcftools	0.00451686	bowtie2+bcftools	bwa+bcftools	0	0.00404	minimap2+gatk	32	1.69668e-25	1	1.06042e-26	1.59064e-26	10.6667	0.000282111	0.4	1	2.07309e-26	1	2.59136e-27	3.88704e-27	16	0.0423801	1	0.00112844	1	0.14833
phiX	SNV	coverage	20	150	0	coverage 20x	5	0.00066	0.0007	bowtie2	bwa	bcftools	0.00423761	bowtie2+bcftools	bwa+bcftools	0.00198	0.00202	minimap2+gatk	32	0.205889	0.814993	0.0127046	0.242431	0.231602	0.79458	0.0142686	0.272707	0.205889	0.933267	0.0250904	0.484862	2	0.981012	1	0.908091	1	0.981012
phiX	SNV	read_length	30	100	0	read length 100bp	5	0	0	bowtie2	bowtie2	bcftools	0	bowtie2+bcftools	bowtie2+freebayes	0	0	minimap2+gatk																			
phiX	SNV	qs_shift	30	150	-10	qs shift -10	5	0	0	bowtie2	bowtie2	bcftools	0	bowtie2+bcftools	bowtie2+freebayes	0	0	minimap2+gatk																			
phiX	SNV	qs_shift	30	150	-2	qs shift -2	5	0	0	bowtie2	bowtie2	bcftools	0.00451686	bowtie2+bcftools	bowtie2+freebayes	0	0	minimap2+gatk	32	0.359948	0.700501	0.0220018	0.713673	0.0307559	0.969741	0.00191855	0.0609799	0.0568282	0.993694	0.00705342	0.225348			1	0.969741	1	
phiX	SNV	qs_shift	30	150	-5	qs shift -5	5	0.00066	0.0033	bowtie2	bwa	freebayes	0.00295161	bowtie2+freebayes	bowtie2+gatk	0	0.00396	minimap2+bcftools	32	0.307692	0.737292	0.0188679	0.0357143	7.69231	0.00187155	0.324675	0.892857	0.307692	0.870679	0.037037	0.0714286	14	0.0817654	1	0.00499081	1	0.190786
phiX	SNV	baseline	30	150	0	baseline (30x, 150bp, qs0)	5	0.00066	0.00132	bowtie2	bwa	freebayes	0.0020871	bowtie2+bcftools	bowtie2+freebayes	0	0.00198	minimap2+bcftools	32	0.571429	0.570375	0.0344828	0.142857	2.28571	0.118067	0.125	0.571429	0.571429	0.685265	0.0666667	0.285714	8	0.43347	1	0.157423	1	0.505715
phiX	SNV	read_length	30	75	0	read length 75bp	5	0	0	bowtie2	bowtie2	bcftools	0	bowtie2+bcftools	bowtie2+freebayes	0	0	minimap2+gatk																			
phiX	SNV	coverage	50	150	0	coverage 50x	5	0.00066	0.00132	bowtie2	bwa	freebayes	0.0020871	bowtie2+bcftools	bowtie2+freebayes	0	0.00198	minimap2+bcftools	32	0.571429	0.570375	0.0344828	0.142857	2.28571	0.118067	0.125	0.571429	0.571429	0.685265	0.0666667	0.285714	8	0.43347	1	0.157423	1	0.505715
phiX	SNV	coverage	5	150	0	coverage 5x	5	0	0.02998	bowtie2	bowtie2	bcftools	0.0229659	bowtie2+bcftools	bwa+bcftools	0	0.02998	minimap2+gatk	32	7.50534e-27	1	4.69084e-28	4.98509e-28	15.0556	2.46427e-05	0.484794	1	7.26001e-28	1	9.07501e-29	9.64428e-29	37.1765	1.06798e-05	1	0.000197142	1	7.47587e-05
phiX	INDEL	coverage	100	150	0	coverage 100x	5	0	0	bowtie2	bowtie2	bcftools	0	bowtie2+bcftools	bowtie2+freebayes	0	0	minimap2+gatk																			
phiX	INDEL	coverage	10	150	0	coverage 10x	5	0	0	bowtie2	bowtie2	bcftools	0	bowtie2+bcftools	bowtie2+freebayes	0	0	minimap2+gatk																			
phiX	INDEL	coverage	20	150	0	coverage 20x	5	0.00317333	0.00317333	bwa	bowtie2	freebayes	0.00709579	bowtie2+freebayes	bowtie2+gatk	0	0.00952	bowtie2+bcftools	32	1	0.379085	0.0588235	0.25	1	0.379085	0.0588235	0.25	1	0.421946	0.111111	0.5	8	0.43347	0.758171	0.379085	0.843893	0.835295
phiX	INDEL	read_length	30	100	0	read length 100bp	5	0	0	bowtie2	bowtie2	bcftools	0	bowtie2+bcftools	bowtie2+freebayes	0	0	minimap2+gatk																			
phiX	INDEL	qs_shift	30	150	-10	qs shift -10	5	0	0	bowtie2	bowtie2	bcftools	0	bowtie2+bcftools	bowtie2+freebayes	0	0	minimap2+gatk																			
phiX	INDEL	qs_shift	30	150	-2	qs shift -2	5	0	0	bowtie2	bowtie2	bcftools	0	bowtie2+bcftools	bowtie2+freebayes	0	0	minimap2+gatk																			
phiX	INDEL	qs_shift	30	150	-5	qs shift -5	5	0	0	bowtie2	bowtie2	bcftools	0	bowtie2+bcftools	bowtie2+freebayes	0	0	minimap2+gatk																			
phiX	INDEL	baseline	30	150	0	baseline (30x, 150bp, qs0)	5	0	0	bowtie2	bowtie2	bcftools	0	bowtie2+bcftools	bowtie2+freebayes	0	0	minimap2+gatk																			
phiX	INDEL	read_length	30	75	0	read length 75bp	5	0	0	bowtie2	bowtie2	bcftools	0	bowtie2+bcftools	bowtie2+freebayes	0	0	minimap2+gatk																			
phiX	INDEL	coverage	50	150	0	coverage 50x	5	0	0	bowtie2	bowtie2	bcftools	0	bowtie2+bcftools	bowtie2+freebayes	0	0	minimap2+gatk																			
phiX	INDEL	coverage	5	150	0	coverage 5x	5	0	0.01052	bowtie2	bowtie2	gatk	0.0271625	bowtie2+gatk	bwa+gatk	0	0.01052	minimap2+freebayes	32	5.05742e-27	1	3.16089e-28	2.66919e-27	1.89474	0.166846	0.105882	1	6.34039e-28	1	7.92548e-29	6.69263e-28	4.23529	0.835295	1	0.333691	1	0.835295
