coverage	aligner	caller	fn_sites	fn_low_mapq	frac_fn_low_mapq	truth_sites	frac_truth_low_mapq
30	bwa	gatk	52	51	0.980769	5999	0.0143357
30	bwa	freebayes	53	51	0.962264	5999	0.0143357
30	bwa	bcftools	54	52	0.962963	5999	0.0143357
30	bowtie2	gatk	102	102	1	5999	0.0233372
30	bowtie2	freebayes	60	51	0.85	5999	0.0233372
30	bowtie2	bcftools	88	79	0.897727	5999	0.0233372
30	minimap2	gatk	61	60	0.983607	5999	0.0151692
30	minimap2	freebayes	52	51	0.980769	5999	0.0151692
30	minimap2	bcftools	59	59	1	5999	0.0151692
100	bwa	gatk	47	47	1	5999	0.0145024
100	bwa	freebayes	49	47	0.959184	5999	0.0145024
100	bwa	bcftools	51	49	0.960784	5999	0.0145024
100	bowtie2	gatk	94	94	1	5999	0.0235039
100	bowtie2	freebayes	56	47	0.839286	5999	0.0235039
100	bowtie2	bcftools	89	80	0.898876	5999	0.0235039
100	minimap2	gatk	50	50	1	5999	0.0153359
100	minimap2	freebayes	48	47	0.979167	5999	0.0153359
100	minimap2	bcftools	53	53	1	5999	0.0153359
