coverage	aligner	caller	fp_snv	near_indel	frac_near	median_dist	background_frac
5	bwa	gatk	1	0	0	898	0.062849
5	bwa	freebayes	1	1	1	121	0.062849
5	bwa	bcftools	36	2	0.0555556	1483.5	0.062849
5	bowtie2	gatk	1	0	0	898	0.062849
5	bowtie2	freebayes	24	10	0.416667	457.5	0.062849
5	bowtie2	bcftools	46	12	0.26087	871.5	0.062849
5	minimap2	gatk	1	0	0	898	0.062849
5	minimap2	freebayes	1	1	1	121	0.062849
5	minimap2	bcftools	36	2	0.0555556	1483.5	0.062849
10	bwa	gatk	0	0	nan	nan	0.062849
10	bwa	freebayes	0	0	nan	nan	0.062849
10	bwa	bcftools	1	1	1	0	0.062849
10	bowtie2	gatk	0	0	nan	nan	0.062849
10	bowtie2	freebayes	26	20	0.769231	28.5	0.062849
10	bowtie2	bcftools	3	3	1	4	0.062849
10	minimap2	gatk	0	0	nan	nan	0.062849
10	minimap2	freebayes	0	0	nan	nan	0.062849
10	minimap2	bcftools	1	1	1	0	0.062849
20	bwa	gatk	0	0	nan	nan	0.062849
20	bwa	freebayes	0	0	nan	nan	0.062849
20	bwa	bcftools	1	1	1	1	0.062849
20	bowtie2	gatk	0	0	nan	nan	0.062849
20	bowtie2	freebayes	45	45	1	10	0.062849
20	bowtie2	bcftools	5	5	1	20	0.062849
20	minimap2	gatk	0	0	nan	nan	0.062849
20	minimap2	freebayes	0	0	nan	nan	0.062849
20	minimap2	bcftools	1	1	1	1	0.062849
30	bwa	gatk	0	0	nan	nan	0.062849
30	bwa	freebayes	0	0	nan	nan	0.062849
30	bwa	bcftools	5	5	1	1	0.062849
30	bowtie2	gatk	0	0	nan	nan	0.062849
30	bowtie2	freebayes	75	74	0.986667	20	0.062849
30	bowtie2	bcftools	9	9	1	1	0.062849
30	minimap2	gatk	0	0	nan	nan	0.062849
30	minimap2	freebayes	0	0	nan	nan	0.062849
30	minimap2	bcftools	5	5	1	1	0.062849
50	bwa	gatk	0	0	nan	nan	0.062849
50	bwa	freebayes	0	0	nan	nan	0.062849
50	bwa	bcftools	14	14	1	1	0.062849
50	bowtie2	gatk	0	0	nan	nan	0.062849
50	bowtie2	freebayes	86	85	0.988372	15	0.062849
50	bowtie2	bcftools	22	22	1	2	0.062849
50	minimap2	gatk	0	0	nan	nan	0.062849
50	minimap2	freebayes	0	0	nan	nan	0.062849
50	minimap2	bcftools	14	14	1	1	0.062849
100	bwa	gatk	0	0	nan	nan	0.062849
100	bwa	freebayes	0	0	nan	nan	0.062849
100	bwa	bcftools	21	21	1	1	0.062849
100	bowtie2	gatk	0	0	nan	nan	0.062849
100	bowtie2	freebayes	137	135	0.985401	12	0.062849
100	bowtie2	bcftools	32	32	1	2	0.062849
100	minimap2	gatk	0	0	nan	nan	0.062849
100	minimap2	freebayes	0	0	nan	nan	0.062849
100	minimap2	bcftools	21	21	1	1	0.062849
