genome	variant_type	condition	caller	d_f1	d_precision	d_recall
ecoli	INDEL	baseline (30x, 150bp, qs0)	bcftools	0.000633333	0.00202	-0.000733333
ecoli	INDEL	baseline (30x, 150bp, qs0)	freebayes	0.000353333	0.00176667	-0.00106667
ecoli	INDEL	baseline (30x, 150bp, qs0)	gatk	-0.00032	0	-0.0006
ecoli	INDEL	coverage 100x	bcftools	0.00074	0.00169333	-0.000266667
ecoli	INDEL	coverage 100x	freebayes	0.000333333	0.001	-0.000333333
ecoli	INDEL	coverage 100x	gatk	-0.0002	0	-0.0004
ecoli	INDEL	coverage 10x	bcftools	-0.0156667	0.00138667	-0.0318667
ecoli	INDEL	coverage 10x	freebayes	-0.0241067	0.00128	-0.0477333
ecoli	INDEL	coverage 10x	gatk	-0.0127267	0.000133333	-0.0249333
ecoli	INDEL	coverage 20x	bcftools	0.000313333	0.0017	-0.00106667
ecoli	INDEL	coverage 20x	freebayes	-3.33333e-05	0.00228	-0.00226667
ecoli	INDEL	coverage 20x	gatk	-0.000573333	0.000133333	-0.00126667
ecoli	INDEL	coverage 50x	bcftools	0.000506667	0.00154667	-0.000533333
ecoli	INDEL	coverage 50x	freebayes	0.000633333	0.00150667	-0.000266667
ecoli	INDEL	coverage 50x	gatk	-0.0001	0	-0.0002
ecoli	INDEL	coverage 5x	bcftools	-0.26792	0.00146	-0.396933
ecoli	INDEL	coverage 5x	freebayes	-0.300533	0.000433333	-0.433667
ecoli	INDEL	coverage 5x	gatk	-0.242907	7.33333e-05	-0.367667
ecoli	INDEL	qs shift -10	bcftools	0.000806667	0.00278	-0.00113333
ecoli	INDEL	qs shift -10	freebayes	-7.33333e-05	0.00104	-0.0012
ecoli	INDEL	qs shift -10	gatk	-0.000273333	0	-0.000533333
ecoli	INDEL	qs shift -2	bcftools	0.000653333	0.00183333	-0.000533333
ecoli	INDEL	qs shift -2	freebayes	0.00102667	0.00230667	-0.000266667
ecoli	INDEL	qs shift -2	gatk	-0.000306667	0	-0.0006
ecoli	INDEL	qs shift -5	bcftools	0.00034	0.00162	-0.000933333
ecoli	INDEL	qs shift -5	freebayes	0.000466667	0.00170667	-0.0008
ecoli	INDEL	qs shift -5	gatk	-0.000386667	0	-0.000733333
ecoli	INDEL	read length 100bp	bcftools	-0.000173333	0.00145333	-0.0018
ecoli	INDEL	read length 100bp	freebayes	0.000433333	0.00292	-0.00206667
ecoli	INDEL	read length 100bp	gatk	-0.000666667	0.000133333	-0.00146667
ecoli	INDEL	read length 75bp	bcftools	0.0006	0.0025	-0.00126667
ecoli	INDEL	read length 75bp	freebayes	-0.0003	0.00202667	-0.00253333
ecoli	INDEL	read length 75bp	gatk	-0.00034	6.66667e-05	-0.000733333
ecoli	SNV	baseline (30x, 150bp, qs0)	bcftools	9.33333e-05	0.00137333	-0.00113333
ecoli	SNV	baseline (30x, 150bp, qs0)	freebayes	0.000413333	0.00235333	-0.00154667
ecoli	SNV	baseline (30x, 150bp, qs0)	gatk	-0.000886667	0	-0.00177333
ecoli	SNV	coverage 100x	bcftools	0.00161333	0.00387333	-0.000613333
ecoli	SNV	coverage 100x	freebayes	0.000606667	0.00214667	-0.000973333
ecoli	SNV	coverage 100x	gatk	-0.00054	0	-0.00108
ecoli	SNV	coverage 10x	bcftools	-0.0159333	0.000693333	-0.0316133
ecoli	SNV	coverage 10x	freebayes	-0.0168133	0.00156	-0.03412
ecoli	SNV	coverage 10x	gatk	-0.01592	6.66667e-05	-0.0308533
ecoli	SNV	coverage 20x	bcftools	-0.000306667	0.000626667	-0.0012
ecoli	SNV	coverage 20x	freebayes	0.00014	0.00232	-0.00204
ecoli	SNV	coverage 20x	gatk	-0.00123333	1.33333e-05	-0.00246667
ecoli	SNV	coverage 50x	bcftools	0.000746667	0.00250667	-0.000946667
ecoli	SNV	coverage 50x	freebayes	0.0007	0.00256	-0.00116
ecoli	SNV	coverage 50x	gatk	-0.00054	0	-0.00108
ecoli	SNV	coverage 5x	bcftools	-0.274227	0.00849333	-0.42528
ecoli	SNV	coverage 5x	freebayes	-0.26296	0.00182667	-0.397253
ecoli	SNV	coverage 5x	gatk	-0.247287	0.000146667	-0.37312
ecoli	SNV	qs shift -10	bcftools	0.0003	0.00208667	-0.00141333
ecoli	SNV	qs shift -10	freebayes	0.000533333	0.00273333	-0.00166667
ecoli	SNV	qs shift -10	gatk	-0.0009	1.33333e-05	-0.00181333
ecoli	SNV	qs shift -2	bcftools	0.000253333	0.00166667	-0.00112
ecoli	SNV	qs shift -2	freebayes	0.000573333	0.00259333	-0.00145333
ecoli	SNV	qs shift -2	gatk	-0.000926667	0	-0.00185333
ecoli	SNV	qs shift -5	bcftools	0.00056	0.00242667	-0.00125333
ecoli	SNV	qs shift -5	freebayes	0.0006	0.00284667	-0.00165333
ecoli	SNV	qs shift -5	gatk	-0.00104667	0	-0.00209333
ecoli	SNV	read length 100bp	bcftools	-0.00018	0.00112	-0.00141333
ecoli	SNV	read length 100bp	freebayes	0.000806667	0.00398	-0.00237333
ecoli	SNV	read length 100bp	gatk	-0.00096	1.33333e-05	-0.00193333
ecoli	SNV	read length 75bp	bcftools	-7.33333e-05	0.00088	-0.000973333
ecoli	SNV	read length 75bp	freebayes	0.000666667	0.0034	-0.00206667
ecoli	SNV	read length 75bp	gatk	-0.0008	5.33333e-05	-0.00158667
phiX	INDEL	baseline (30x, 150bp, qs0)	bcftools	0	0	0
phiX	INDEL	baseline (30x, 150bp, qs0)	freebayes	0	0	0
phiX	INDEL	baseline (30x, 150bp, qs0)	gatk	0	0	0
phiX	INDEL	coverage 100x	bcftools	0	0	0
phiX	INDEL	coverage 100x	freebayes	0	0	0
phiX	INDEL	coverage 100x	gatk	0	0	0
phiX	INDEL	coverage 10x	bcftools	-0.02884	0	-0.0533333
phiX	INDEL	coverage 10x	freebayes	-0.02884	0	-0.0533333
phiX	INDEL	coverage 10x	gatk	-0.01052	0	-0.02
phiX	INDEL	coverage 20x	bcftools	0	0	0
phiX	INDEL	coverage 20x	freebayes	0	0	0
phiX	INDEL	coverage 20x	gatk	0	0	0
phiX	INDEL	coverage 50x	bcftools	0	0	0
phiX	INDEL	coverage 50x	freebayes	0	0	0
phiX	INDEL	coverage 50x	gatk	0	0	0
phiX	INDEL	coverage 5x	bcftools	-0.18486	0	-0.3
phiX	INDEL	coverage 5x	freebayes	-0.225367	0	-0.353333
phiX	INDEL	coverage 5x	gatk	-0.19538	0	-0.32
phiX	INDEL	qs shift -10	bcftools	0	0	0
phiX	INDEL	qs shift -10	freebayes	0	0	0
phiX	INDEL	qs shift -10	gatk	0	0	0
phiX	INDEL	qs shift -2	bcftools	0	0	0
phiX	INDEL	qs shift -2	freebayes	0	0	0
phiX	INDEL	qs shift -2	gatk	0	0	0
phiX	INDEL	qs shift -5	bcftools	0	0	0
phiX	INDEL	qs shift -5	freebayes	0	0	0
phiX	INDEL	qs shift -5	gatk	0	0	0
phiX	INDEL	read length 100bp	bcftools	0	0	0
phiX	INDEL	read length 100bp	freebayes	0	0	0
phiX	INDEL	read length 100bp	gatk	0	0	0
phiX	INDEL	read length 75bp	bcftools	0	0	0
phiX	INDEL	read length 75bp	freebayes	0	0	0
phiX	INDEL	read length 75bp	gatk	0	0	0
phiX	SNV	baseline (30x, 150bp, qs0)	bcftools	-0.00272	0.00261333	-0.008
phiX	SNV	baseline (30x, 150bp, qs0)	freebayes	-0.00404	0	-0.008
phiX	SNV	baseline (30x, 150bp, qs0)	gatk	-0.00404	0	-0.008
phiX	SNV	coverage 100x	bcftools	0.00132	0.00261333	0
phiX	SNV	coverage 100x	freebayes	0	0	0
phiX	SNV	coverage 100x	gatk	0	0	0
phiX	SNV	coverage 10x	bcftools	-0.0247	0	-0.048
phiX	SNV	coverage 10x	freebayes	-0.0221133	0	-0.0426667
phiX	SNV	coverage 10x	gatk	-0.01856	0	-0.036
phiX	SNV	coverage 20x	bcftools	-0.00474	0.00261333	-0.012
phiX	SNV	coverage 20x	freebayes	-0.00404	0	-0.008
phiX	SNV	coverage 20x	gatk	-0.00404	0	-0.008
phiX	SNV	coverage 50x	bcftools	-0.0007	0.00261333	-0.004
phiX	SNV	coverage 50x	freebayes	-0.00202	0	-0.004
phiX	SNV	coverage 50x	gatk	-0.00202	0	-0.004
phiX	SNV	coverage 5x	bcftools	-0.309873	0.00792	-0.472
phiX	SNV	coverage 5x	freebayes	-0.285433	0	-0.417333
phiX	SNV	coverage 5x	gatk	-0.26302	0	-0.388
phiX	SNV	qs shift -10	bcftools	0	0	0
phiX	SNV	qs shift -10	freebayes	0	0	0
phiX	SNV	qs shift -10	gatk	0	0	0
phiX	SNV	qs shift -2	bcftools	0	0	0
phiX	SNV	qs shift -2	freebayes	0	0	0
phiX	SNV	qs shift -2	gatk	0	0	0
phiX	SNV	qs shift -5	bcftools	0.00128	0.00653333	-0.004
phiX	SNV	qs shift -5	freebayes	-0.00202	0	-0.004
phiX	SNV	qs shift -5	gatk	-0.00202	0	-0.004
phiX	SNV	read length 100bp	bcftools	-0.00202	0	-0.004
phiX	SNV	read length 100bp	freebayes	-0.00202	0	-0.004
phiX	SNV	read length 100bp	gatk	-0.00202	0	-0.004
phiX	SNV	read length 75bp	bcftools	0	0	0
phiX	SNV	read length 75bp	freebayes	0	0	0
phiX	SNV	read length 75bp	gatk	0	0	0
