genome	variant_type	axis	coverage	read_length	qs_shift	condition	aligner	caller	n_seeds	f1_mean	f1_sd	f1_min	f1_max	recall_mean	precision_mean	TP_mean	FP_mean	FN_mean
ecoli	SNV	coverage	100	150	0	coverage 100x	bowtie2	bcftools	5	0.98974	0.000207364	0.9894	0.9899	0.98628	0.99318	4931.4	34	68.6
ecoli	SNV	coverage	10	150	0	coverage 10x	bowtie2	bcftools	5	0.99072	0.000641872	0.99	0.9916	0.98356	0.99808	4917.8	9.6	82.2
ecoli	SNV	coverage	20	150	0	coverage 20x	bowtie2	bcftools	5	0.99222	0.000454973	0.9917	0.9927	0.98576	0.99876	4928.8	6.2	71.2
ecoli	SNV	read_length	30	100	0	read length 100bp	bowtie2	bcftools	5	0.99122	0.000609918	0.9904	0.992	0.98604	0.9964	4930.2	18	69.8
ecoli	SNV	qs_shift	30	150	-10	qs shift -10	bowtie2	bcftools	5	0.99026	0.000766812	0.9894	0.9914	0.98572	0.99478	4928.6	25.8	71.4
ecoli	SNV	qs_shift	30	150	-2	qs shift -2	bowtie2	bcftools	5	0.99192	0.000334664	0.9914	0.9922	0.986	0.99792	4930	10.4	70
ecoli	SNV	qs_shift	30	150	-5	qs shift -5	bowtie2	bcftools	5	0.99092	0.000535724	0.9902	0.9914	0.98596	0.99592	4929.8	20.4	70.2
ecoli	SNV	baseline	30	150	0	baseline (30x, 150bp, qs0)	bowtie2	bcftools	5	0.99184	0.000415933	0.9914	0.9924	0.98596	0.99776	4929.8	11.2	70.2
ecoli	SNV	read_length	30	75	0	read length 75bp	bowtie2	bcftools	5	0.9917	0.000519615	0.9913	0.9926	0.98588	0.99756	4929.4	12.2	70.6
ecoli	SNV	coverage	50	150	0	coverage 50x	bowtie2	bcftools	5	0.99126	0.000602495	0.9907	0.9922	0.9862	0.99632	4931	18.4	69
ecoli	SNV	coverage	5	150	0	coverage 5x	bowtie2	bcftools	5	0.98016	0.00125419	0.9784	0.9818	0.97084	0.98968	4854.2	50.6	145.8
ecoli	INDEL	coverage	100	150	0	coverage 100x	bowtie2	bcftools	5	0.97222	0.00118406	0.9703	0.9732	0.9804	0.96424	980.4	36.4	19.6
ecoli	INDEL	coverage	10	150	0	coverage 10x	bowtie2	bcftools	5	0.98284	0.00225566	0.9795	0.9849	0.979	0.9867	979	13.2	21
ecoli	INDEL	coverage	20	150	0	coverage 20x	bowtie2	bcftools	5	0.98044	0.00248757	0.9781	0.9835	0.9816	0.97924	981.6	20.8	18.4
ecoli	INDEL	read_length	30	100	0	read length 100bp	bowtie2	bcftools	5	0.96838	0.00054037	0.9676	0.969	0.9714	0.9654	971.4	34.8	28.6
ecoli	INDEL	qs_shift	30	150	-10	qs shift -10	bowtie2	bcftools	5	0.98218	0.00182675	0.9795	0.9844	0.981	0.98336	981	16.6	19
ecoli	INDEL	qs_shift	30	150	-2	qs shift -2	bowtie2	bcftools	5	0.98004	0.0010139	0.9786	0.981	0.9818	0.97826	981.8	21.8	18.2
ecoli	INDEL	qs_shift	30	150	-5	qs shift -5	bowtie2	bcftools	5	0.98016	0.00143631	0.9781	0.982	0.982	0.97828	982	21.8	18
ecoli	INDEL	baseline	30	150	0	baseline (30x, 150bp, qs0)	bowtie2	bcftools	5	0.97946	0.0012522	0.9781	0.9815	0.9814	0.97748	981.4	22.6	18.6
ecoli	INDEL	read_length	30	75	0	read length 75bp	bowtie2	bcftools	5	0.963	0.0015346	0.9612	0.965	0.965	0.96096	965	39.2	35
ecoli	INDEL	coverage	50	150	0	coverage 50x	bowtie2	bcftools	5	0.9772	0.000961769	0.9756	0.9781	0.9808	0.9736	980.8	26.6	19.2
ecoli	INDEL	coverage	5	150	0	coverage 5x	bowtie2	bcftools	5	0.9571	0.00613637	0.9495	0.966	0.9238	0.99288	923.8	6.6	76.2
ecoli	SNV	coverage	100	150	0	coverage 100x	bowtie2	freebayes	5	0.98496	0.000965919	0.9842	0.9866	0.99156	0.97848	4957.8	109.2	42.2
ecoli	SNV	coverage	10	150	0	coverage 10x	bowtie2	freebayes	5	0.99242	0.00101341	0.9907	0.9932	0.98968	0.99516	4948.4	24.2	51.6
ecoli	SNV	coverage	20	150	0	coverage 20x	bowtie2	freebayes	5	0.99084	0.000976217	0.9897	0.992	0.99084	0.99084	4954.2	45.8	45.8
ecoli	SNV	read_length	30	100	0	read length 100bp	bowtie2	freebayes	5	0.98618	0.00127161	0.9845	0.988	0.99108	0.9813	4955.4	94.6	44.6
ecoli	SNV	qs_shift	30	150	-10	qs shift -10	bowtie2	freebayes	5	0.98594	0.000779744	0.9851	0.9872	0.991	0.98092	4955	96.6	45
ecoli	SNV	qs_shift	30	150	-2	qs shift -2	bowtie2	freebayes	5	0.98862	0.000779102	0.9879	0.9899	0.99116	0.9861	4955.8	70	44.2
ecoli	SNV	qs_shift	30	150	-5	qs shift -5	bowtie2	freebayes	5	0.9886	0.0012145	0.9873	0.9904	0.99116	0.98606	4955.8	70.2	44.2
ecoli	SNV	baseline	30	150	0	baseline (30x, 150bp, qs0)	bowtie2	freebayes	5	0.98876	0.00121778	0.987	0.9904	0.99096	0.98662	4954.8	67.4	45.2
ecoli	SNV	read_length	30	75	0	read length 75bp	bowtie2	freebayes	5	0.98804	0.00117388	0.9865	0.9894	0.9902	0.98588	4951	71	49
ecoli	SNV	coverage	50	150	0	coverage 50x	bowtie2	freebayes	5	0.9875	0.000764853	0.9864	0.9885	0.9914	0.9836	4957	82.8	43
ecoli	SNV	coverage	5	150	0	coverage 5x	bowtie2	freebayes	5	0.9703	0.0023484	0.9666	0.9729	0.94692	0.99486	4734.6	24.6	265.4
ecoli	INDEL	coverage	100	150	0	coverage 100x	bowtie2	freebayes	5	0.9857	0.00067082	0.985	0.9865	0.9876	0.9838	987.6	16.2	12.4
ecoli	INDEL	coverage	10	150	0	coverage 10x	bowtie2	freebayes	5	0.99084	0.00128957	0.9889	0.992	0.9856	0.99616	985.6	3.8	14.4
ecoli	INDEL	coverage	20	150	0	coverage 20x	bowtie2	freebayes	5	0.989	0.00145774	0.987	0.991	0.9872	0.99074	987.2	9.2	12.8
ecoli	INDEL	read_length	30	100	0	read length 100bp	bowtie2	freebayes	5	0.981	0.00129422	0.9799	0.9824	0.978	0.9841	978	15.8	22
ecoli	INDEL	qs_shift	30	150	-10	qs shift -10	bowtie2	freebayes	5	0.9881	0.00108397	0.9875	0.99	0.9874	0.98878	987.4	11.2	12.6
ecoli	INDEL	qs_shift	30	150	-2	qs shift -2	bowtie2	freebayes	5	0.9871	0.00065192	0.986	0.9875	0.9868	0.9874	986.8	12.6	13.2
ecoli	INDEL	qs_shift	30	150	-5	qs shift -5	bowtie2	freebayes	5	0.9878	0.00135093	0.986	0.9895	0.9874	0.98818	987.4	11.8	12.6
ecoli	INDEL	baseline	30	150	0	baseline (30x, 150bp, qs0)	bowtie2	freebayes	5	0.9876	0.00143178	0.9855	0.9895	0.9874	0.9878	987.4	12.2	12.6
ecoli	INDEL	read_length	30	75	0	read length 75bp	bowtie2	freebayes	5	0.9798	0.00122474	0.9783	0.9813	0.971	0.9888	971	11	29
ecoli	INDEL	coverage	50	150	0	coverage 50x	bowtie2	freebayes	5	0.9866	0.00124499	0.985	0.9875	0.9874	0.9858	987.4	14.2	12.6
ecoli	INDEL	coverage	5	150	0	coverage 5x	bowtie2	freebayes	5	0.96246	0.00523574	0.9556	0.9701	0.9288	0.9987	928.8	1.2	71.2
ecoli	SNV	coverage	100	150	0	coverage 100x	bowtie2	gatk	5	0.99188	0.000204939	0.9917	0.9922	0.98396	1	4919.8	0	80.2
ecoli	SNV	coverage	10	150	0	coverage 10x	bowtie2	gatk	5	0.98888	0.000389872	0.9885	0.9894	0.97808	0.99988	4890.4	0.6	109.6
ecoli	SNV	coverage	20	150	0	coverage 20x	bowtie2	gatk	5	0.99054	0.000250998	0.9902	0.9909	0.98132	0.99996	4906.6	0.2	93.4
ecoli	SNV	read_length	30	100	0	read length 100bp	bowtie2	gatk	5	0.9913	0.000254951	0.9909	0.9915	0.98296	0.99984	4914.8	0.8	85.2
ecoli	SNV	qs_shift	30	150	-10	qs shift -10	bowtie2	gatk	5	0.98986	0.000207364	0.9896	0.9901	0.97992	1	4899.6	0	100.4
ecoli	SNV	qs_shift	30	150	-2	qs shift -2	bowtie2	gatk	5	0.99082	0.000248998	0.9904	0.991	0.98184	1	4909.2	0	90.8
ecoli	SNV	qs_shift	30	150	-5	qs shift -5	bowtie2	gatk	5	0.9907	0.000254951	0.9903	0.991	0.9816	1	4908	0	92
ecoli	SNV	baseline	30	150	0	baseline (30x, 150bp, qs0)	bowtie2	gatk	5	0.991	0.000158114	0.9908	0.9912	0.9822	1	4911	0	89
ecoli	SNV	read_length	30	75	0	read length 75bp	bowtie2	gatk	5	0.99106	0.000378153	0.9906	0.9915	0.98272	0.9996	4913.6	2	86.4
ecoli	SNV	coverage	50	150	0	coverage 50x	bowtie2	gatk	5	0.9915	0.000187083	0.9913	0.9918	0.9832	1	4916	0	84
ecoli	SNV	coverage	5	150	0	coverage 5x	bowtie2	gatk	5	0.96246	0.00231149	0.9593	0.9657	0.92792	0.99972	4639.6	1.4	360.4
ecoli	INDEL	coverage	100	150	0	coverage 100x	bowtie2	gatk	5	0.9941	0.000223607	0.994	0.9945	0.9882	1	988.2	0	11.8
ecoli	INDEL	coverage	10	150	0	coverage 10x	bowtie2	gatk	5	0.9905	0.000894427	0.9899	0.9919	0.9816	0.9996	981.6	0.4	18.4
ecoli	INDEL	coverage	20	150	0	coverage 20x	bowtie2	gatk	5	0.99264	0.000795613	0.9919	0.994	0.9858	0.9996	985.8	0.4	14.2
ecoli	INDEL	read_length	30	100	0	read length 100bp	bowtie2	gatk	5	0.9897	0.00156525	0.9874	0.9914	0.9824	0.99718	982.4	2.8	17.6
ecoli	INDEL	qs_shift	30	150	-10	qs shift -10	bowtie2	gatk	5	0.99162	0.000801249	0.9909	0.993	0.9836	0.9998	983.6	0.2	16.4
ecoli	INDEL	qs_shift	30	150	-2	qs shift -2	bowtie2	gatk	5	0.9932	0.00067082	0.9925	0.994	0.987	0.9994	987	0.6	13
ecoli	INDEL	qs_shift	30	150	-5	qs shift -5	bowtie2	gatk	5	0.9934	0.00065192	0.9925	0.994	0.987	0.9998	987	0.2	13
ecoli	INDEL	baseline	30	150	0	baseline (30x, 150bp, qs0)	bowtie2	gatk	5	0.9933	0.000570088	0.9925	0.994	0.9868	0.9998	986.8	0.2	13.2
ecoli	INDEL	read_length	30	75	0	read length 75bp	bowtie2	gatk	5	0.98534	0.00134276	0.9833	0.9869	0.975	0.99592	975	4	25
ecoli	INDEL	coverage	50	150	0	coverage 50x	bowtie2	gatk	5	0.994	0	0.994	0.994	0.988	1	988	0	12
ecoli	INDEL	coverage	5	150	0	coverage 5x	bowtie2	gatk	5	0.96138	0.00407885	0.9551	0.9659	0.9258	0.99978	925.8	0.2	74.2
ecoli	SNV	coverage	100	150	0	coverage 100x	bwa	bcftools	5	0.99348	0.000277489	0.9931	0.9938	0.99124	0.99572	4956.2	21.4	43.8
ecoli	SNV	coverage	10	150	0	coverage 10x	bwa	bcftools	5	0.99366	0.000350714	0.9932	0.9941	0.98748	0.99984	4937.4	0.8	62.6
ecoli	SNV	coverage	20	150	0	coverage 20x	bwa	bcftools	5	0.99466	0.000250998	0.9944	0.9949	0.98972	0.9996	4948.6	2	51.4
ecoli	SNV	read_length	30	100	0	read length 100bp	bwa	bcftools	5	0.99396	0.000288097	0.9936	0.9944	0.98844	0.99948	4942.2	2.6	57.8
ecoli	SNV	qs_shift	30	150	-10	qs shift -10	bwa	bcftools	5	0.99428	0.000319374	0.9938	0.9945	0.98968	0.99888	4948.4	5.6	51.6
ecoli	SNV	qs_shift	30	150	-2	qs shift -2	bwa	bcftools	5	0.9942	0.000291548	0.9938	0.9946	0.99012	0.99828	4950.6	8.6	49.4
ecoli	SNV	qs_shift	30	150	-5	qs shift -5	bwa	bcftools	5	0.99408	0.000342053	0.9936	0.9945	0.99012	0.99804	4950.6	9.8	49.4
ecoli	SNV	baseline	30	150	0	baseline (30x, 150bp, qs0)	bwa	bcftools	5	0.9946	0.000158114	0.9944	0.9948	0.99036	0.99884	4951.8	5.8	48.2
ecoli	SNV	read_length	30	75	0	read length 75bp	bwa	bcftools	5	0.99346	0.000151658	0.9933	0.9936	0.98748	0.99944	4937.4	2.8	62.6
ecoli	SNV	coverage	50	150	0	coverage 50x	bwa	bcftools	5	0.99418	0.000164317	0.9939	0.9943	0.9908	0.99756	4954	12.2	46
ecoli	SNV	coverage	5	150	0	coverage 5x	bwa	bcftools	5	0.98394	0.00108766	0.9825	0.9853	0.97556	0.99244	4877.8	37.2	122.2
ecoli	INDEL	coverage	100	150	0	coverage 100x	bwa	bcftools	5	0.997	0	0.997	0.997	0.994	1	994	0	6
ecoli	INDEL	coverage	10	150	0	coverage 10x	bwa	bcftools	5	0.9935	0.00106066	0.992	0.9945	0.9888	0.9982	988.8	1.8	11.2
ecoli	INDEL	coverage	20	150	0	coverage 20x	bwa	bcftools	5	0.9963	0.000273861	0.996	0.9965	0.9934	0.9992	993.4	0.8	6.6
ecoli	INDEL	read_length	30	100	0	read length 100bp	bwa	bcftools	5	0.9935	0.000612372	0.9925	0.994	0.9884	0.9986	988.4	1.4	11.6
ecoli	INDEL	qs_shift	30	150	-10	qs shift -10	bwa	bcftools	5	0.9957	0.000758288	0.9945	0.9965	0.994	0.9974	994	2.6	6
ecoli	INDEL	qs_shift	30	150	-2	qs shift -2	bwa	bcftools	5	0.9969	0.000223607	0.9965	0.997	0.994	0.9998	994	0.2	6
ecoli	INDEL	qs_shift	30	150	-5	qs shift -5	bwa	bcftools	5	0.9968	0.000273861	0.9965	0.997	0.994	0.9996	994	0.4	6
ecoli	INDEL	baseline	30	150	0	baseline (30x, 150bp, qs0)	bwa	bcftools	5	0.997	0	0.997	0.997	0.994	1	994	0	6
ecoli	INDEL	read_length	30	75	0	read length 75bp	bwa	bcftools	5	0.9886	0.000758288	0.9879	0.9894	0.9792	0.99818	979.2	1.8	20.8
ecoli	INDEL	coverage	50	150	0	coverage 50x	bwa	bcftools	5	0.997	0	0.997	0.997	0.994	1	994	0	6
ecoli	INDEL	coverage	5	150	0	coverage 5x	bwa	bcftools	5	0.96122	0.00493832	0.9546	0.9675	0.9276	0.99744	927.6	2.4	72.4
ecoli	SNV	coverage	100	150	0	coverage 100x	bwa	freebayes	5	0.996	0.000223607	0.9957	0.9963	0.992	1	4960	0	40
ecoli	SNV	coverage	10	150	0	coverage 10x	bwa	freebayes	5	0.99406	0.000350714	0.9937	0.9944	0.98812	1	4940.6	0	59.4
ecoli	SNV	coverage	20	150	0	coverage 20x	bwa	freebayes	5	0.99508	0.000248998	0.9949	0.9954	0.99016	1	4950.8	0	49.2
ecoli	SNV	read_length	30	100	0	read length 100bp	bwa	freebayes	5	0.99522	0.000192354	0.995	0.9955	0.99044	1	4952.2	0	47.8
ecoli	SNV	qs_shift	30	150	-10	qs shift -10	bwa	freebayes	5	0.9953	0.000122474	0.9952	0.9955	0.99064	0.99996	4953.2	0.2	46.8
ecoli	SNV	qs_shift	30	150	-2	qs shift -2	bwa	freebayes	5	0.99534	8.94427e-05	0.9952	0.9954	0.99068	1	4953.4	0	46.6
ecoli	SNV	qs_shift	30	150	-5	qs shift -5	bwa	freebayes	5	0.99544	0.000151658	0.9952	0.9956	0.99088	1	4954.4	0	45.6
ecoli	SNV	baseline	30	150	0	baseline (30x, 150bp, qs0)	bwa	freebayes	5	0.99534	0.000151658	0.9952	0.9956	0.99068	1	4953.4	0	46.6
ecoli	SNV	read_length	30	75	0	read length 75bp	bwa	freebayes	5	0.9949	0.0001	0.9948	0.995	0.99	0.9998	4950	1	50
ecoli	SNV	coverage	50	150	0	coverage 50x	bwa	freebayes	5	0.99562	0.000164317	0.9955	0.9959	0.99124	1	4956.2	0	43.8
ecoli	SNV	coverage	5	150	0	coverage 5x	bwa	freebayes	5	0.97156	0.00197687	0.9688	0.9742	0.94488	0.99976	4724.4	1.2	275.6
ecoli	INDEL	coverage	100	150	0	coverage 100x	bwa	freebayes	5	0.9971	0.000223607	0.997	0.9975	0.9942	1	994.2	0	5.8
ecoli	INDEL	coverage	10	150	0	coverage 10x	bwa	freebayes	5	0.9953	0.000273861	0.995	0.9955	0.9906	1	990.6	0	9.4
ecoli	INDEL	coverage	20	150	0	coverage 20x	bwa	freebayes	5	0.9969	0.000223607	0.9965	0.997	0.9938	1	993.8	0	6.2
ecoli	INDEL	read_length	30	100	0	read length 100bp	bwa	freebayes	5	0.9951	0.000223607	0.995	0.9955	0.9902	1	990.2	0	9.8
ecoli	INDEL	qs_shift	30	150	-10	qs shift -10	bwa	freebayes	5	0.9968	0.000273861	0.9965	0.997	0.9936	1	993.6	0	6.4
ecoli	INDEL	qs_shift	30	150	-2	qs shift -2	bwa	freebayes	5	0.997	0	0.997	0.997	0.994	1	994	0	6
ecoli	INDEL	qs_shift	30	150	-5	qs shift -5	bwa	freebayes	5	0.9969	0.000223607	0.9965	0.997	0.9938	1	993.8	0	6.2
ecoli	INDEL	baseline	30	150	0	baseline (30x, 150bp, qs0)	bwa	freebayes	5	0.997	0	0.997	0.997	0.994	1	994	0	6
ecoli	INDEL	read_length	30	75	0	read length 75bp	bwa	freebayes	5	0.9904	0.000612372	0.9899	0.9914	0.981	1	981	0	19
ecoli	INDEL	coverage	50	150	0	coverage 50x	bwa	freebayes	5	0.997	0	0.997	0.997	0.994	1	994	0	6
ecoli	INDEL	coverage	5	150	0	coverage 5x	bwa	freebayes	5	0.9622	0.00553263	0.9534	0.9675	0.9272	1	927.2	0	72.8
ecoli	SNV	coverage	100	150	0	coverage 100x	bwa	gatk	5	0.99594	0.000181659	0.9957	0.9962	0.99188	1	4959.4	0	40.6
ecoli	SNV	coverage	10	150	0	coverage 10x	bwa	gatk	5	0.99384	0.000415933	0.9933	0.9943	0.98772	0.99996	4938.6	0.2	61.4
ecoli	SNV	coverage	20	150	0	coverage 20x	bwa	gatk	5	0.99502	0.000228035	0.9948	0.9953	0.99004	1	4950.2	0	49.8
ecoli	SNV	read_length	30	100	0	read length 100bp	bwa	gatk	5	0.99504	0.000151658	0.9948	0.9952	0.99008	1	4950.4	0	49.6
ecoli	SNV	qs_shift	30	150	-10	qs shift -10	bwa	gatk	5	0.995	0.000158114	0.9948	0.9952	0.99004	0.99996	4950.2	0.2	49.8
ecoli	SNV	qs_shift	30	150	-2	qs shift -2	bwa	gatk	5	0.99526	0.000151658	0.9951	0.9954	0.99052	1	4952.6	0	47.4
ecoli	SNV	qs_shift	30	150	-5	qs shift -5	bwa	gatk	5	0.99538	0.000130384	0.9952	0.9955	0.99076	1	4953.8	0	46.2
ecoli	SNV	baseline	30	150	0	baseline (30x, 150bp, qs0)	bwa	gatk	5	0.99526	0.000114018	0.9951	0.9954	0.99052	1	4952.6	0	47.4
ecoli	SNV	read_length	30	75	0	read length 75bp	bwa	gatk	5	0.9941	0.000122474	0.994	0.9943	0.98824	0.99996	4941.2	0.2	58.8
ecoli	SNV	coverage	50	150	0	coverage 50x	bwa	gatk	5	0.99552	0.000148324	0.9953	0.9957	0.99104	1	4955.2	0	44.8
ecoli	SNV	coverage	5	150	0	coverage 5x	bwa	gatk	5	0.96742	0.00205353	0.9643	0.97	0.93708	0.9998	4685.4	1	314.6
ecoli	INDEL	coverage	100	150	0	coverage 100x	bwa	gatk	5	0.9981	0.000223607	0.998	0.9985	0.9962	1	996.2	0	3.8
ecoli	INDEL	coverage	10	150	0	coverage 10x	bwa	gatk	5	0.9958	0.00083666	0.9945	0.9965	0.9916	1	991.6	0	8.4
ecoli	INDEL	coverage	20	150	0	coverage 20x	bwa	gatk	5	0.9976	0.000223607	0.9975	0.998	0.9952	1	995.2	0	4.8
ecoli	INDEL	read_length	30	100	0	read length 100bp	bwa	gatk	5	0.9971	0.000223607	0.997	0.9975	0.9942	1	994.2	0	5.8
ecoli	INDEL	qs_shift	30	150	-10	qs shift -10	bwa	gatk	5	0.9971	0.000223607	0.997	0.9975	0.9942	1	994.2	0	5.8
ecoli	INDEL	qs_shift	30	150	-2	qs shift -2	bwa	gatk	5	0.9978	0.000273861	0.9975	0.998	0.9956	1	995.6	0	4.4
ecoli	INDEL	qs_shift	30	150	-5	qs shift -5	bwa	gatk	5	0.9976	0.000223607	0.9975	0.998	0.9952	1	995.2	0	4.8
ecoli	INDEL	baseline	30	150	0	baseline (30x, 150bp, qs0)	bwa	gatk	5	0.9976	0.000223607	0.9975	0.998	0.9952	1	995.2	0	4.8
ecoli	INDEL	read_length	30	75	0	read length 75bp	bwa	gatk	5	0.996	0.000353553	0.9955	0.9965	0.992	1	992	0	8
ecoli	INDEL	coverage	50	150	0	coverage 50x	bwa	gatk	5	0.9976	0.000223607	0.9975	0.998	0.9952	1	995.2	0	4.8
ecoli	INDEL	coverage	5	150	0	coverage 5x	bwa	gatk	5	0.96778	0.00334843	0.9637	0.9717	0.9376	1	937.6	0	62.4
ecoli	SNV	coverage	100	150	0	coverage 100x	minimap2	bcftools	5	0.99316	0.00031305	0.9927	0.9935	0.9906	0.99572	4953	21.4	47
ecoli	SNV	coverage	10	150	0	coverage 10x	minimap2	bcftools	5	0.99316	0.000336155	0.9927	0.9936	0.98648	0.99988	4932.4	0.6	67.6
ecoli	SNV	coverage	20	150	0	coverage 20x	minimap2	bcftools	5	0.99422	0.000192354	0.9939	0.9944	0.98884	0.9996	4944.2	2	55.8
ecoli	SNV	read_length	30	100	0	read length 100bp	minimap2	bcftools	5	0.99366	0.000320936	0.9933	0.9941	0.98776	0.99956	4938.8	2.2	61.2
ecoli	SNV	qs_shift	30	150	-10	qs shift -10	minimap2	bcftools	5	0.9938	0.000187083	0.9936	0.994	0.98876	0.99884	4943.8	5.8	56.2
ecoli	SNV	qs_shift	30	150	-2	qs shift -2	minimap2	bcftools	5	0.99392	0.000342053	0.9935	0.9944	0.98944	0.9984	4947.2	8	52.8
ecoli	SNV	qs_shift	30	150	-5	qs shift -5	minimap2	bcftools	5	0.99376	0.0004219	0.9932	0.9943	0.98936	0.99816	4946.8	9.2	53.2
ecoli	SNV	baseline	30	150	0	baseline (30x, 150bp, qs0)	minimap2	bcftools	5	0.99426	8.94427e-05	0.9942	0.9944	0.98964	0.99888	4948.2	5.6	51.8
ecoli	SNV	read_length	30	75	0	read length 75bp	minimap2	bcftools	5	0.99338	0.000303315	0.9931	0.9939	0.98724	0.99952	4936.2	2.4	63.8
ecoli	SNV	coverage	50	150	0	coverage 50x	minimap2	bcftools	5	0.99384	0.000207364	0.9935	0.994	0.99008	0.9976	4950.4	12	49.6
ecoli	SNV	coverage	5	150	0	coverage 5x	minimap2	bcftools	5	0.98346	0.00114586	0.982	0.9849	0.97468	0.9924	4873.4	37.4	126.6
ecoli	INDEL	coverage	100	150	0	coverage 100x	minimap2	bcftools	5	0.9975	0	0.9975	0.9975	0.995	1	995	0	5
ecoli	INDEL	coverage	10	150	0	coverage 10x	minimap2	bcftools	5	0.9944	0.00129422	0.993	0.9955	0.9906	0.9982	990.6	1.8	9.4
ecoli	INDEL	coverage	20	150	0	coverage 20x	minimap2	bcftools	5	0.9966	0.000547723	0.996	0.997	0.994	0.9992	994	0.8	6
ecoli	INDEL	read_length	30	100	0	read length 100bp	minimap2	bcftools	5	0.9946	0.00074162	0.9935	0.9955	0.9906	0.9986	990.6	1.4	9.4
ecoli	INDEL	qs_shift	30	150	-10	qs shift -10	minimap2	bcftools	5	0.996	0.000935414	0.995	0.9975	0.995	0.997	995	3	5
ecoli	INDEL	qs_shift	30	150	-2	qs shift -2	minimap2	bcftools	5	0.9974	0.000223607	0.997	0.9975	0.995	0.9998	995	0.2	5
ecoli	INDEL	qs_shift	30	150	-5	qs shift -5	minimap2	bcftools	5	0.9974	0.00041833	0.997	0.998	0.9952	0.9996	995.2	0.4	4.8
ecoli	INDEL	baseline	30	150	0	baseline (30x, 150bp, qs0)	minimap2	bcftools	5	0.9972	0.000273861	0.997	0.9975	0.9944	1	994.4	0	5.6
ecoli	INDEL	read_length	30	75	0	read length 75bp	minimap2	bcftools	5	0.99144	0.000527257	0.9909	0.992	0.9852	0.9978	985.2	2.2	14.8
ecoli	INDEL	coverage	50	150	0	coverage 50x	minimap2	bcftools	5	0.9976	0.000223607	0.9975	0.998	0.9952	1	995.2	0	4.8
ecoli	INDEL	coverage	5	150	0	coverage 5x	minimap2	bcftools	5	0.96286	0.00474689	0.9563	0.9686	0.9306	0.99744	930.6	2.4	69.4
ecoli	SNV	coverage	100	150	0	coverage 100x	minimap2	freebayes	5	0.996	0.000223607	0.9957	0.9963	0.992	1	4960	0	40
ecoli	SNV	coverage	10	150	0	coverage 10x	minimap2	freebayes	5	0.9941	0.0003	0.9938	0.9944	0.9882	1	4941	0	59
ecoli	SNV	coverage	20	150	0	coverage 20x	minimap2	freebayes	5	0.9951	0.000234521	0.9949	0.9954	0.9902	1	4951	0	49
ecoli	SNV	read_length	30	100	0	read length 100bp	minimap2	freebayes	5	0.99528	0.000148324	0.9951	0.9955	0.99064	0.99992	4953.2	0.4	46.8
ecoli	SNV	qs_shift	30	150	-10	qs shift -10	minimap2	freebayes	5	0.99524	8.94427e-05	0.9951	0.9953	0.99064	0.99984	4953.2	0.8	46.8
ecoli	SNV	qs_shift	30	150	-2	qs shift -2	minimap2	freebayes	5	0.99534	8.94427e-05	0.9952	0.9954	0.99068	1	4953.4	0	46.6
ecoli	SNV	qs_shift	30	150	-5	qs shift -5	minimap2	freebayes	5	0.99544	0.000151658	0.9952	0.9956	0.99092	0.99996	4954.6	0.2	45.4
ecoli	SNV	baseline	30	150	0	baseline (30x, 150bp, qs0)	minimap2	freebayes	5	0.99536	0.000151658	0.9952	0.9956	0.99072	1	4953.6	0	46.4
ecoli	SNV	read_length	30	75	0	read length 75bp	minimap2	freebayes	5	0.99496	0.000114018	0.9948	0.9951	0.99004	0.99988	4950.2	0.6	49.8
ecoli	SNV	coverage	50	150	0	coverage 50x	minimap2	freebayes	5	0.99564	0.000151658	0.9955	0.9959	0.99128	1	4956.4	0	43.6
ecoli	SNV	coverage	5	150	0	coverage 5x	minimap2	freebayes	5	0.97154	0.00196672	0.9688	0.9742	0.94484	0.99976	4724.2	1.2	275.8
ecoli	INDEL	coverage	100	150	0	coverage 100x	minimap2	freebayes	5	0.9976	0.000223607	0.9975	0.998	0.9952	1	995.2	0	4.8
ecoli	INDEL	coverage	10	150	0	coverage 10x	minimap2	freebayes	5	0.9961	0.000223607	0.996	0.9965	0.9922	1	992.2	0	7.8
ecoli	INDEL	coverage	20	150	0	coverage 20x	minimap2	freebayes	5	0.9974	0.000223607	0.997	0.9975	0.9948	1	994.8	0	5.2
ecoli	INDEL	read_length	30	100	0	read length 100bp	minimap2	freebayes	5	0.9966	0.000223607	0.9965	0.997	0.9934	0.9998	993.4	0.2	6.6
ecoli	INDEL	qs_shift	30	150	-10	qs shift -10	minimap2	freebayes	5	0.9971	0.00041833	0.9965	0.9975	0.9942	1	994.2	0	5.8
ecoli	INDEL	qs_shift	30	150	-2	qs shift -2	minimap2	freebayes	5	0.9975	0	0.9975	0.9975	0.995	1	995	0	5
ecoli	INDEL	qs_shift	30	150	-5	qs shift -5	minimap2	freebayes	5	0.9975	0	0.9975	0.9975	0.995	1	995	0	5
ecoli	INDEL	baseline	30	150	0	baseline (30x, 150bp, qs0)	minimap2	freebayes	5	0.9975	0	0.9975	0.9975	0.995	1	995	0	5
ecoli	INDEL	read_length	30	75	0	read length 75bp	minimap2	freebayes	5	0.9941	0.00065192	0.9935	0.995	0.9882	1	988.2	0	11.8
ecoli	INDEL	coverage	50	150	0	coverage 50x	minimap2	freebayes	5	0.9975	0	0.9975	0.9975	0.995	1	995	0	5
ecoli	INDEL	coverage	5	150	0	coverage 5x	minimap2	freebayes	5	0.96448	0.00526184	0.9562	0.9696	0.9314	1	931.4	0	68.6
ecoli	SNV	coverage	100	150	0	coverage 100x	minimap2	gatk	5	0.9956	0.000158114	0.9954	0.9958	0.9912	1	4956	0	44
ecoli	SNV	coverage	10	150	0	coverage 10x	minimap2	gatk	5	0.9929	0.000484768	0.9922	0.9934	0.98592	0.99996	4929.6	0.2	70.4
ecoli	SNV	coverage	20	150	0	coverage 20x	minimap2	gatk	5	0.99418	0.000248998	0.994	0.9945	0.98836	1	4941.8	0	58.2
ecoli	SNV	read_length	30	100	0	read length 100bp	minimap2	gatk	5	0.99438	0.000192354	0.9941	0.9946	0.98876	1	4943.8	0	56.2
ecoli	SNV	qs_shift	30	150	-10	qs shift -10	minimap2	gatk	5	0.99432	0.000277489	0.9941	0.9948	0.98864	1	4943.2	0	56.8
ecoli	SNV	qs_shift	30	150	-2	qs shift -2	minimap2	gatk	5	0.9946	0.000141421	0.9944	0.9948	0.9892	1	4946	0	54
ecoli	SNV	qs_shift	30	150	-5	qs shift -5	minimap2	gatk	5	0.99462	0.000178885	0.9944	0.9948	0.98924	1	4946.2	0	53.8
ecoli	SNV	baseline	30	150	0	baseline (30x, 150bp, qs0)	minimap2	gatk	5	0.9945	0.000234521	0.9941	0.9947	0.989	1	4945	0	55
ecoli	SNV	read_length	30	75	0	read length 75bp	minimap2	gatk	5	0.99344	0.000114018	0.9933	0.9936	0.98692	0.99996	4934.6	0.2	65.4
ecoli	SNV	coverage	50	150	0	coverage 50x	minimap2	gatk	5	0.99486	0.000270185	0.9946	0.9952	0.98972	1	4948.6	0	51.4
ecoli	SNV	coverage	5	150	0	coverage 5x	minimap2	gatk	5	0.9665	0.00213424	0.9631	0.969	0.93536	0.9998	4676.8	1	323.2
ecoli	INDEL	coverage	100	150	0	coverage 100x	minimap2	gatk	5	0.9979	0.000223607	0.9975	0.998	0.9958	1	995.8	0	4.2
ecoli	INDEL	coverage	10	150	0	coverage 10x	minimap2	gatk	5	0.9951	0.0010247	0.9935	0.996	0.9902	1	990.2	0	9.8
ecoli	INDEL	coverage	20	150	0	coverage 20x	minimap2	gatk	5	0.9969	0.00041833	0.9965	0.9975	0.9938	1	993.8	0	6.2
ecoli	INDEL	read_length	30	100	0	read length 100bp	minimap2	gatk	5	0.9968	0.000570088	0.996	0.9975	0.9936	1	993.6	0	6.4
ecoli	INDEL	qs_shift	30	150	-10	qs shift -10	minimap2	gatk	5	0.9967	0.000273861	0.9965	0.997	0.9934	1	993.4	0	6.6
ecoli	INDEL	qs_shift	30	150	-2	qs shift -2	minimap2	gatk	5	0.9975	0.000353553	0.997	0.998	0.995	1	995	0	5
ecoli	INDEL	qs_shift	30	150	-5	qs shift -5	minimap2	gatk	5	0.9973	0.000447214	0.997	0.998	0.9946	1	994.6	0	5.4
ecoli	INDEL	baseline	30	150	0	baseline (30x, 150bp, qs0)	minimap2	gatk	5	0.997	0.000353553	0.9965	0.9975	0.994	1	994	0	6
ecoli	INDEL	read_length	30	75	0	read length 75bp	minimap2	gatk	5	0.9953	0.000447214	0.995	0.996	0.9906	1	990.6	0	9.4
ecoli	INDEL	coverage	50	150	0	coverage 50x	minimap2	gatk	5	0.9976	0.00041833	0.997	0.998	0.9952	1	995.2	0	4.8
ecoli	INDEL	coverage	5	150	0	coverage 5x	minimap2	gatk	5	0.96738	0.00344485	0.9632	0.9712	0.9368	1	936.8	0	63.2
phiX	SNV	coverage	100	150	0	coverage 100x	bowtie2	bcftools	5	1	0	1	1	1	1	50	0	0
phiX	SNV	coverage	10	150	0	coverage 10x	bowtie2	bcftools	5	1	0	1	1	1	1	50	0	0
phiX	SNV	coverage	20	150	0	coverage 20x	bowtie2	bcftools	5	1	0	1	1	1	1	50	0	0
phiX	SNV	read_length	30	100	0	read length 100bp	bowtie2	bcftools	5	1	0	1	1	1	1	50	0	0
phiX	SNV	qs_shift	30	150	-10	qs shift -10	bowtie2	bcftools	5	1	0	1	1	1	1	50	0	0
phiX	SNV	qs_shift	30	150	-2	qs shift -2	bowtie2	bcftools	5	0.99798	0.00451686	0.9899	1	0.996	1	49.8	0	0.2
phiX	SNV	qs_shift	30	150	-5	qs shift -5	bowtie2	bcftools	5	0.99802	0.00442741	0.9901	1	1	0.99608	50	0.2	0
phiX	SNV	baseline	30	150	0	baseline (30x, 150bp, qs0)	bowtie2	bcftools	5	1	0	1	1	1	1	50	0	0
phiX	SNV	read_length	30	75	0	read length 75bp	bowtie2	bcftools	5	1	0	1	1	1	1	50	0	0
phiX	SNV	coverage	50	150	0	coverage 50x	bowtie2	bcftools	5	1	0	1	1	1	1	50	0	0
phiX	SNV	coverage	5	150	0	coverage 5x	bowtie2	bcftools	5	0.992	0.0083669	0.98	1	0.992	0.99208	49.6	0.4	0.4
phiX	INDEL	coverage	100	150	0	coverage 100x	bowtie2	bcftools	5	1	0	1	1	1	1	10	0	0
phiX	INDEL	coverage	10	150	0	coverage 10x	bowtie2	bcftools	5	1	0	1	1	1	1	10	0	0
phiX	INDEL	coverage	20	150	0	coverage 20x	bowtie2	bcftools	5	0.99048	0.0212874	0.9524	1	1	0.98182	10	0.2	0
phiX	INDEL	read_length	30	100	0	read length 100bp	bowtie2	bcftools	5	1	0	1	1	1	1	10	0	0
phiX	INDEL	qs_shift	30	150	-10	qs shift -10	bowtie2	bcftools	5	1	0	1	1	1	1	10	0	0
phiX	INDEL	qs_shift	30	150	-2	qs shift -2	bowtie2	bcftools	5	1	0	1	1	1	1	10	0	0
phiX	INDEL	qs_shift	30	150	-5	qs shift -5	bowtie2	bcftools	5	1	0	1	1	1	1	10	0	0
phiX	INDEL	baseline	30	150	0	baseline (30x, 150bp, qs0)	bowtie2	bcftools	5	1	0	1	1	1	1	10	0	0
phiX	INDEL	read_length	30	75	0	read length 75bp	bowtie2	bcftools	5	1	0	1	1	1	1	10	0	0
phiX	INDEL	coverage	50	150	0	coverage 50x	bowtie2	bcftools	5	1	0	1	1	1	1	10	0	0
phiX	INDEL	coverage	5	150	0	coverage 5x	bowtie2	bcftools	5	0.97896	0.0288102	0.9474	1	0.96	1	9.6	0	0.4
phiX	SNV	coverage	100	150	0	coverage 100x	bowtie2	freebayes	5	1	0	1	1	1	1	50	0	0
phiX	SNV	coverage	10	150	0	coverage 10x	bowtie2	freebayes	5	0.99596	0.005532	0.9899	1	0.992	1	49.6	0	0.4
phiX	SNV	coverage	20	150	0	coverage 20x	bowtie2	freebayes	5	0.99798	0.00451686	0.9899	1	0.996	1	49.8	0	0.2
phiX	SNV	read_length	30	100	0	read length 100bp	bowtie2	freebayes	5	1	0	1	1	1	1	50	0	0
phiX	SNV	qs_shift	30	150	-10	qs shift -10	bowtie2	freebayes	5	1	0	1	1	1	1	50	0	0
phiX	SNV	qs_shift	30	150	-2	qs shift -2	bowtie2	freebayes	5	0.99798	0.00451686	0.9899	1	0.996	1	49.8	0	0.2
phiX	SNV	qs_shift	30	150	-5	qs shift -5	bowtie2	freebayes	5	1	0	1	1	1	1	50	0	0
phiX	SNV	baseline	30	150	0	baseline (30x, 150bp, qs0)	bowtie2	freebayes	5	1	0	1	1	1	1	50	0	0
phiX	SNV	read_length	30	75	0	read length 75bp	bowtie2	freebayes	5	1	0	1	1	1	1	50	0	0
phiX	SNV	coverage	50	150	0	coverage 50x	bowtie2	freebayes	5	1	0	1	1	1	1	50	0	0
phiX	SNV	coverage	5	150	0	coverage 5x	bowtie2	freebayes	5	0.96642	0.0260059	0.9247	0.9899	0.936	1	46.8	0	3.2
phiX	INDEL	coverage	100	150	0	coverage 100x	bowtie2	freebayes	5	1	0	1	1	1	1	10	0	0
phiX	INDEL	coverage	10	150	0	coverage 10x	bowtie2	freebayes	5	1	0	1	1	1	1	10	0	0
phiX	INDEL	coverage	20	150	0	coverage 20x	bowtie2	freebayes	5	1	0	1	1	1	1	10	0	0
phiX	INDEL	read_length	30	100	0	read length 100bp	bowtie2	freebayes	5	1	0	1	1	1	1	10	0	0
phiX	INDEL	qs_shift	30	150	-10	qs shift -10	bowtie2	freebayes	5	1	0	1	1	1	1	10	0	0
phiX	INDEL	qs_shift	30	150	-2	qs shift -2	bowtie2	freebayes	5	1	0	1	1	1	1	10	0	0
phiX	INDEL	qs_shift	30	150	-5	qs shift -5	bowtie2	freebayes	5	1	0	1	1	1	1	10	0	0
phiX	INDEL	baseline	30	150	0	baseline (30x, 150bp, qs0)	bowtie2	freebayes	5	1	0	1	1	1	1	10	0	0
phiX	INDEL	read_length	30	75	0	read length 75bp	bowtie2	freebayes	5	1	0	1	1	1	1	10	0	0
phiX	INDEL	coverage	50	150	0	coverage 50x	bowtie2	freebayes	5	1	0	1	1	1	1	10	0	0
phiX	INDEL	coverage	5	150	0	coverage 5x	bowtie2	freebayes	5	0.97896	0.0288102	0.9474	1	0.96	1	9.6	0	0.4
phiX	SNV	coverage	100	150	0	coverage 100x	bowtie2	gatk	5	1	0	1	1	1	1	50	0	0
phiX	SNV	coverage	10	150	0	coverage 10x	bowtie2	gatk	5	0.99596	0.005532	0.9899	1	0.992	1	49.6	0	0.4
phiX	SNV	coverage	20	150	0	coverage 20x	bowtie2	gatk	5	0.99798	0.00451686	0.9899	1	0.996	1	49.8	0	0.2
phiX	SNV	read_length	30	100	0	read length 100bp	bowtie2	gatk	5	1	0	1	1	1	1	50	0	0
phiX	SNV	qs_shift	30	150	-10	qs shift -10	bowtie2	gatk	5	1	0	1	1	1	1	50	0	0
phiX	SNV	qs_shift	30	150	-2	qs shift -2	bowtie2	gatk	5	0.99798	0.00451686	0.9899	1	0.996	1	49.8	0	0.2
phiX	SNV	qs_shift	30	150	-5	qs shift -5	bowtie2	gatk	5	1	0	1	1	1	1	50	0	0
phiX	SNV	baseline	30	150	0	baseline (30x, 150bp, qs0)	bowtie2	gatk	5	1	0	1	1	1	1	50	0	0
phiX	SNV	read_length	30	75	0	read length 75bp	bowtie2	gatk	5	1	0	1	1	1	1	50	0	0
phiX	SNV	coverage	50	150	0	coverage 50x	bowtie2	gatk	5	1	0	1	1	1	1	50	0	0
phiX	SNV	coverage	5	150	0	coverage 5x	bowtie2	gatk	5	0.96202	0.0289135	0.913	0.9796	0.928	1	46.4	0	3.6
phiX	INDEL	coverage	100	150	0	coverage 100x	bowtie2	gatk	5	1	0	1	1	1	1	10	0	0
phiX	INDEL	coverage	10	150	0	coverage 10x	bowtie2	gatk	5	1	0	1	1	1	1	10	0	0
phiX	INDEL	coverage	20	150	0	coverage 20x	bowtie2	gatk	5	1	0	1	1	1	1	10	0	0
phiX	INDEL	read_length	30	100	0	read length 100bp	bowtie2	gatk	5	1	0	1	1	1	1	10	0	0
phiX	INDEL	qs_shift	30	150	-10	qs shift -10	bowtie2	gatk	5	1	0	1	1	1	1	10	0	0
phiX	INDEL	qs_shift	30	150	-2	qs shift -2	bowtie2	gatk	5	1	0	1	1	1	1	10	0	0
phiX	INDEL	qs_shift	30	150	-5	qs shift -5	bowtie2	gatk	5	1	0	1	1	1	1	10	0	0
phiX	INDEL	baseline	30	150	0	baseline (30x, 150bp, qs0)	bowtie2	gatk	5	1	0	1	1	1	1	10	0	0
phiX	INDEL	read_length	30	75	0	read length 75bp	bowtie2	gatk	5	1	0	1	1	1	1	10	0	0
phiX	INDEL	coverage	50	150	0	coverage 50x	bowtie2	gatk	5	1	0	1	1	1	1	10	0	0
phiX	INDEL	coverage	5	150	0	coverage 5x	bowtie2	gatk	5	0.98948	0.0235234	0.9474	1	0.98	1	9.8	0	0.2
phiX	SNV	coverage	100	150	0	coverage 100x	bwa	bcftools	5	0.99802	0.00442741	0.9901	1	1	0.99608	50	0.2	0
phiX	SNV	coverage	10	150	0	coverage 10x	bwa	bcftools	5	1	0	1	1	1	1	50	0	0
phiX	SNV	coverage	20	150	0	coverage 20x	bwa	bcftools	5	0.99802	0.00442741	0.9901	1	1	0.99608	50	0.2	0
phiX	SNV	read_length	30	100	0	read length 100bp	bwa	bcftools	5	1	0	1	1	1	1	50	0	0
phiX	SNV	qs_shift	30	150	-10	qs shift -10	bwa	bcftools	5	1	0	1	1	1	1	50	0	0
phiX	SNV	qs_shift	30	150	-2	qs shift -2	bwa	bcftools	5	0.99798	0.00451686	0.9899	1	0.996	1	49.8	0	0.2
phiX	SNV	qs_shift	30	150	-5	qs shift -5	bwa	bcftools	5	0.99604	0.00542245	0.9901	1	1	0.99216	50	0.4	0
phiX	SNV	baseline	30	150	0	baseline (30x, 150bp, qs0)	bwa	bcftools	5	0.99802	0.00442741	0.9901	1	1	0.99608	50	0.2	0
phiX	SNV	read_length	30	75	0	read length 75bp	bwa	bcftools	5	1	0	1	1	1	1	50	0	0
phiX	SNV	coverage	50	150	0	coverage 50x	bwa	bcftools	5	0.99802	0.00442741	0.9901	1	1	0.99608	50	0.2	0
phiX	SNV	coverage	5	150	0	coverage 5x	bwa	bcftools	5	0.992	0.0083669	0.98	1	0.992	0.99208	49.6	0.4	0.4
phiX	INDEL	coverage	100	150	0	coverage 100x	bwa	bcftools	5	1	0	1	1	1	1	10	0	0
phiX	INDEL	coverage	10	150	0	coverage 10x	bwa	bcftools	5	1	0	1	1	1	1	10	0	0
phiX	INDEL	coverage	20	150	0	coverage 20x	bwa	bcftools	5	1	0	1	1	1	1	10	0	0
phiX	INDEL	read_length	30	100	0	read length 100bp	bwa	bcftools	5	1	0	1	1	1	1	10	0	0
phiX	INDEL	qs_shift	30	150	-10	qs shift -10	bwa	bcftools	5	1	0	1	1	1	1	10	0	0
phiX	INDEL	qs_shift	30	150	-2	qs shift -2	bwa	bcftools	5	1	0	1	1	1	1	10	0	0
phiX	INDEL	qs_shift	30	150	-5	qs shift -5	bwa	bcftools	5	1	0	1	1	1	1	10	0	0
phiX	INDEL	baseline	30	150	0	baseline (30x, 150bp, qs0)	bwa	bcftools	5	1	0	1	1	1	1	10	0	0
phiX	INDEL	read_length	30	75	0	read length 75bp	bwa	bcftools	5	1	0	1	1	1	1	10	0	0
phiX	INDEL	coverage	50	150	0	coverage 50x	bwa	bcftools	5	1	0	1	1	1	1	10	0	0
phiX	INDEL	coverage	5	150	0	coverage 5x	bwa	bcftools	5	0.97896	0.0288102	0.9474	1	0.96	1	9.6	0	0.4
phiX	SNV	coverage	100	150	0	coverage 100x	bwa	freebayes	5	1	0	1	1	1	1	50	0	0
phiX	SNV	coverage	10	150	0	coverage 10x	bwa	freebayes	5	0.99596	0.005532	0.9899	1	0.992	1	49.6	0	0.4
phiX	SNV	coverage	20	150	0	coverage 20x	bwa	freebayes	5	0.99798	0.00451686	0.9899	1	0.996	1	49.8	0	0.2
phiX	SNV	read_length	30	100	0	read length 100bp	bwa	freebayes	5	1	0	1	1	1	1	50	0	0
phiX	SNV	qs_shift	30	150	-10	qs shift -10	bwa	freebayes	5	1	0	1	1	1	1	50	0	0
phiX	SNV	qs_shift	30	150	-2	qs shift -2	bwa	freebayes	5	0.99798	0.00451686	0.9899	1	0.996	1	49.8	0	0.2
phiX	SNV	qs_shift	30	150	-5	qs shift -5	bwa	freebayes	5	1	0	1	1	1	1	50	0	0
phiX	SNV	baseline	30	150	0	baseline (30x, 150bp, qs0)	bwa	freebayes	5	1	0	1	1	1	1	50	0	0
phiX	SNV	read_length	30	75	0	read length 75bp	bwa	freebayes	5	1	0	1	1	1	1	50	0	0
phiX	SNV	coverage	50	150	0	coverage 50x	bwa	freebayes	5	1	0	1	1	1	1	50	0	0
phiX	SNV	coverage	5	150	0	coverage 5x	bwa	freebayes	5	0.96642	0.0260059	0.9247	0.9899	0.936	1	46.8	0	3.2
phiX	INDEL	coverage	100	150	0	coverage 100x	bwa	freebayes	5	1	0	1	1	1	1	10	0	0
phiX	INDEL	coverage	10	150	0	coverage 10x	bwa	freebayes	5	1	0	1	1	1	1	10	0	0
phiX	INDEL	coverage	20	150	0	coverage 20x	bwa	freebayes	5	1	0	1	1	1	1	10	0	0
phiX	INDEL	read_length	30	100	0	read length 100bp	bwa	freebayes	5	1	0	1	1	1	1	10	0	0
phiX	INDEL	qs_shift	30	150	-10	qs shift -10	bwa	freebayes	5	1	0	1	1	1	1	10	0	0
phiX	INDEL	qs_shift	30	150	-2	qs shift -2	bwa	freebayes	5	1	0	1	1	1	1	10	0	0
phiX	INDEL	qs_shift	30	150	-5	qs shift -5	bwa	freebayes	5	1	0	1	1	1	1	10	0	0
phiX	INDEL	baseline	30	150	0	baseline (30x, 150bp, qs0)	bwa	freebayes	5	1	0	1	1	1	1	10	0	0
phiX	INDEL	read_length	30	75	0	read length 75bp	bwa	freebayes	5	1	0	1	1	1	1	10	0	0
phiX	INDEL	coverage	50	150	0	coverage 50x	bwa	freebayes	5	1	0	1	1	1	1	10	0	0
phiX	INDEL	coverage	5	150	0	coverage 5x	bwa	freebayes	5	0.97896	0.0288102	0.9474	1	0.96	1	9.6	0	0.4
phiX	SNV	coverage	100	150	0	coverage 100x	bwa	gatk	5	1	0	1	1	1	1	50	0	0
phiX	SNV	coverage	10	150	0	coverage 10x	bwa	gatk	5	0.99596	0.005532	0.9899	1	0.992	1	49.6	0	0.4
phiX	SNV	coverage	20	150	0	coverage 20x	bwa	gatk	5	0.99798	0.00451686	0.9899	1	0.996	1	49.8	0	0.2
phiX	SNV	read_length	30	100	0	read length 100bp	bwa	gatk	5	1	0	1	1	1	1	50	0	0
phiX	SNV	qs_shift	30	150	-10	qs shift -10	bwa	gatk	5	1	0	1	1	1	1	50	0	0
phiX	SNV	qs_shift	30	150	-2	qs shift -2	bwa	gatk	5	0.99798	0.00451686	0.9899	1	0.996	1	49.8	0	0.2
phiX	SNV	qs_shift	30	150	-5	qs shift -5	bwa	gatk	5	1	0	1	1	1	1	50	0	0
phiX	SNV	baseline	30	150	0	baseline (30x, 150bp, qs0)	bwa	gatk	5	1	0	1	1	1	1	50	0	0
phiX	SNV	read_length	30	75	0	read length 75bp	bwa	gatk	5	1	0	1	1	1	1	50	0	0
phiX	SNV	coverage	50	150	0	coverage 50x	bwa	gatk	5	1	0	1	1	1	1	50	0	0
phiX	SNV	coverage	5	150	0	coverage 5x	bwa	gatk	5	0.96202	0.0289135	0.913	0.9796	0.928	1	46.4	0	3.6
phiX	INDEL	coverage	100	150	0	coverage 100x	bwa	gatk	5	1	0	1	1	1	1	10	0	0
phiX	INDEL	coverage	10	150	0	coverage 10x	bwa	gatk	5	1	0	1	1	1	1	10	0	0
phiX	INDEL	coverage	20	150	0	coverage 20x	bwa	gatk	5	1	0	1	1	1	1	10	0	0
phiX	INDEL	read_length	30	100	0	read length 100bp	bwa	gatk	5	1	0	1	1	1	1	10	0	0
phiX	INDEL	qs_shift	30	150	-10	qs shift -10	bwa	gatk	5	1	0	1	1	1	1	10	0	0
phiX	INDEL	qs_shift	30	150	-2	qs shift -2	bwa	gatk	5	1	0	1	1	1	1	10	0	0
phiX	INDEL	qs_shift	30	150	-5	qs shift -5	bwa	gatk	5	1	0	1	1	1	1	10	0	0
phiX	INDEL	baseline	30	150	0	baseline (30x, 150bp, qs0)	bwa	gatk	5	1	0	1	1	1	1	10	0	0
phiX	INDEL	read_length	30	75	0	read length 75bp	bwa	gatk	5	1	0	1	1	1	1	10	0	0
phiX	INDEL	coverage	50	150	0	coverage 50x	bwa	gatk	5	1	0	1	1	1	1	10	0	0
phiX	INDEL	coverage	5	150	0	coverage 5x	bwa	gatk	5	0.98948	0.0235234	0.9474	1	0.98	1	9.8	0	0.2
phiX	SNV	coverage	100	150	0	coverage 100x	minimap2	bcftools	5	0.99802	0.00442741	0.9901	1	1	0.99608	50	0.2	0
phiX	SNV	coverage	10	150	0	coverage 10x	minimap2	bcftools	5	1	0	1	1	1	1	50	0	0
phiX	SNV	coverage	20	150	0	coverage 20x	minimap2	bcftools	5	0.99802	0.00442741	0.9901	1	1	0.99608	50	0.2	0
phiX	SNV	read_length	30	100	0	read length 100bp	minimap2	bcftools	5	1	0	1	1	1	1	50	0	0
phiX	SNV	qs_shift	30	150	-10	qs shift -10	minimap2	bcftools	5	1	0	1	1	1	1	50	0	0
phiX	SNV	qs_shift	30	150	-2	qs shift -2	minimap2	bcftools	5	0.99798	0.00451686	0.9899	1	0.996	1	49.8	0	0.2
phiX	SNV	qs_shift	30	150	-5	qs shift -5	minimap2	bcftools	5	0.99604	0.00542245	0.9901	1	1	0.99216	50	0.4	0
phiX	SNV	baseline	30	150	0	baseline (30x, 150bp, qs0)	minimap2	bcftools	5	0.99802	0.00442741	0.9901	1	1	0.99608	50	0.2	0
phiX	SNV	read_length	30	75	0	read length 75bp	minimap2	bcftools	5	1	0	1	1	1	1	50	0	0
phiX	SNV	coverage	50	150	0	coverage 50x	minimap2	bcftools	5	0.99802	0.00442741	0.9901	1	1	0.99608	50	0.2	0
phiX	SNV	coverage	5	150	0	coverage 5x	minimap2	bcftools	5	0.992	0.0083669	0.98	1	0.992	0.99208	49.6	0.4	0.4
phiX	INDEL	coverage	100	150	0	coverage 100x	minimap2	bcftools	5	1	0	1	1	1	1	10	0	0
phiX	INDEL	coverage	10	150	0	coverage 10x	minimap2	bcftools	5	1	0	1	1	1	1	10	0	0
phiX	INDEL	coverage	20	150	0	coverage 20x	minimap2	bcftools	5	1	0	1	1	1	1	10	0	0
phiX	INDEL	read_length	30	100	0	read length 100bp	minimap2	bcftools	5	1	0	1	1	1	1	10	0	0
phiX	INDEL	qs_shift	30	150	-10	qs shift -10	minimap2	bcftools	5	1	0	1	1	1	1	10	0	0
phiX	INDEL	qs_shift	30	150	-2	qs shift -2	minimap2	bcftools	5	1	0	1	1	1	1	10	0	0
phiX	INDEL	qs_shift	30	150	-5	qs shift -5	minimap2	bcftools	5	1	0	1	1	1	1	10	0	0
phiX	INDEL	baseline	30	150	0	baseline (30x, 150bp, qs0)	minimap2	bcftools	5	1	0	1	1	1	1	10	0	0
phiX	INDEL	read_length	30	75	0	read length 75bp	minimap2	bcftools	5	1	0	1	1	1	1	10	0	0
phiX	INDEL	coverage	50	150	0	coverage 50x	minimap2	bcftools	5	1	0	1	1	1	1	10	0	0
phiX	INDEL	coverage	5	150	0	coverage 5x	minimap2	bcftools	5	0.97896	0.0288102	0.9474	1	0.96	1	9.6	0	0.4
phiX	SNV	coverage	100	150	0	coverage 100x	minimap2	freebayes	5	1	0	1	1	1	1	50	0	0
phiX	SNV	coverage	10	150	0	coverage 10x	minimap2	freebayes	5	0.99596	0.005532	0.9899	1	0.992	1	49.6	0	0.4
phiX	SNV	coverage	20	150	0	coverage 20x	minimap2	freebayes	5	0.99798	0.00451686	0.9899	1	0.996	1	49.8	0	0.2
phiX	SNV	read_length	30	100	0	read length 100bp	minimap2	freebayes	5	1	0	1	1	1	1	50	0	0
phiX	SNV	qs_shift	30	150	-10	qs shift -10	minimap2	freebayes	5	1	0	1	1	1	1	50	0	0
phiX	SNV	qs_shift	30	150	-2	qs shift -2	minimap2	freebayes	5	0.99798	0.00451686	0.9899	1	0.996	1	49.8	0	0.2
phiX	SNV	qs_shift	30	150	-5	qs shift -5	minimap2	freebayes	5	1	0	1	1	1	1	50	0	0
phiX	SNV	baseline	30	150	0	baseline (30x, 150bp, qs0)	minimap2	freebayes	5	1	0	1	1	1	1	50	0	0
phiX	SNV	read_length	30	75	0	read length 75bp	minimap2	freebayes	5	1	0	1	1	1	1	50	0	0
phiX	SNV	coverage	50	150	0	coverage 50x	minimap2	freebayes	5	1	0	1	1	1	1	50	0	0
phiX	SNV	coverage	5	150	0	coverage 5x	minimap2	freebayes	5	0.96642	0.0260059	0.9247	0.9899	0.936	1	46.8	0	3.2
phiX	INDEL	coverage	100	150	0	coverage 100x	minimap2	freebayes	5	1	0	1	1	1	1	10	0	0
phiX	INDEL	coverage	10	150	0	coverage 10x	minimap2	freebayes	5	1	0	1	1	1	1	10	0	0
phiX	INDEL	coverage	20	150	0	coverage 20x	minimap2	freebayes	5	1	0	1	1	1	1	10	0	0
phiX	INDEL	read_length	30	100	0	read length 100bp	minimap2	freebayes	5	1	0	1	1	1	1	10	0	0
phiX	INDEL	qs_shift	30	150	-10	qs shift -10	minimap2	freebayes	5	1	0	1	1	1	1	10	0	0
phiX	INDEL	qs_shift	30	150	-2	qs shift -2	minimap2	freebayes	5	1	0	1	1	1	1	10	0	0
phiX	INDEL	qs_shift	30	150	-5	qs shift -5	minimap2	freebayes	5	1	0	1	1	1	1	10	0	0
phiX	INDEL	baseline	30	150	0	baseline (30x, 150bp, qs0)	minimap2	freebayes	5	1	0	1	1	1	1	10	0	0
phiX	INDEL	read_length	30	75	0	read length 75bp	minimap2	freebayes	5	1	0	1	1	1	1	10	0	0
phiX	INDEL	coverage	50	150	0	coverage 50x	minimap2	freebayes	5	1	0	1	1	1	1	10	0	0
phiX	INDEL	coverage	5	150	0	coverage 5x	minimap2	freebayes	5	0.97896	0.0288102	0.9474	1	0.96	1	9.6	0	0.4
phiX	SNV	coverage	100	150	0	coverage 100x	minimap2	gatk	5	1	0	1	1	1	1	50	0	0
phiX	SNV	coverage	10	150	0	coverage 10x	minimap2	gatk	5	0.99596	0.005532	0.9899	1	0.992	1	49.6	0	0.4
phiX	SNV	coverage	20	150	0	coverage 20x	minimap2	gatk	5	0.99798	0.00451686	0.9899	1	0.996	1	49.8	0	0.2
phiX	SNV	read_length	30	100	0	read length 100bp	minimap2	gatk	5	1	0	1	1	1	1	50	0	0
phiX	SNV	qs_shift	30	150	-10	qs shift -10	minimap2	gatk	5	1	0	1	1	1	1	50	0	0
phiX	SNV	qs_shift	30	150	-2	qs shift -2	minimap2	gatk	5	0.99798	0.00451686	0.9899	1	0.996	1	49.8	0	0.2
phiX	SNV	qs_shift	30	150	-5	qs shift -5	minimap2	gatk	5	1	0	1	1	1	1	50	0	0
phiX	SNV	baseline	30	150	0	baseline (30x, 150bp, qs0)	minimap2	gatk	5	1	0	1	1	1	1	50	0	0
phiX	SNV	read_length	30	75	0	read length 75bp	minimap2	gatk	5	1	0	1	1	1	1	50	0	0
phiX	SNV	coverage	50	150	0	coverage 50x	minimap2	gatk	5	1	0	1	1	1	1	50	0	0
phiX	SNV	coverage	5	150	0	coverage 5x	minimap2	gatk	5	0.96202	0.0289135	0.913	0.9796	0.928	1	46.4	0	3.6
phiX	INDEL	coverage	100	150	0	coverage 100x	minimap2	gatk	5	1	0	1	1	1	1	10	0	0
phiX	INDEL	coverage	10	150	0	coverage 10x	minimap2	gatk	5	1	0	1	1	1	1	10	0	0
phiX	INDEL	coverage	20	150	0	coverage 20x	minimap2	gatk	5	1	0	1	1	1	1	10	0	0
phiX	INDEL	read_length	30	100	0	read length 100bp	minimap2	gatk	5	1	0	1	1	1	1	10	0	0
phiX	INDEL	qs_shift	30	150	-10	qs shift -10	minimap2	gatk	5	1	0	1	1	1	1	10	0	0
phiX	INDEL	qs_shift	30	150	-2	qs shift -2	minimap2	gatk	5	1	0	1	1	1	1	10	0	0
phiX	INDEL	qs_shift	30	150	-5	qs shift -5	minimap2	gatk	5	1	0	1	1	1	1	10	0	0
phiX	INDEL	baseline	30	150	0	baseline (30x, 150bp, qs0)	minimap2	gatk	5	1	0	1	1	1	1	10	0	0
phiX	INDEL	read_length	30	75	0	read length 75bp	minimap2	gatk	5	1	0	1	1	1	1	10	0	0
phiX	INDEL	coverage	50	150	0	coverage 50x	minimap2	gatk	5	1	0	1	1	1	1	10	0	0
phiX	INDEL	coverage	5	150	0	coverage 5x	minimap2	gatk	5	0.98948	0.0235234	0.9474	1	0.98	1	9.8	0	0.2
