genome	aligner	caller	variant_type	f1_titv2	TP_titv2	FP_titv2	FN_titv2	f1_titv05	TP_titv05	FP_titv05	FN_titv05	delta_f1
ecoli	bowtie2	bcftools	SNV	0.9921	4930	9	70	0.9914	4930	16	70	0.0007
ecoli	bowtie2	bcftools	INDEL	0.9791	982	24	18	0.9815	982	19	18	-0.0024
ecoli	bowtie2	freebayes	SNV	0.9891	4953	62	47	0.9906	4956	50	44	-0.0015
ecoli	bowtie2	freebayes	INDEL	0.9875	987	12	13	0.989	987	9	13	-0.0015
ecoli	bowtie2	gatk	SNV	0.9909	4910	0	90	0.9909	4910	0	90	0
ecoli	bowtie2	gatk	INDEL	0.994	988	0	12	0.9935	987	0	13	0.0005
ecoli	bwa	bcftools	SNV	0.9947	4952	5	48	0.9948	4952	4	48	-0.0001
ecoli	bwa	bcftools	INDEL	0.997	994	0	6	0.997	994	0	6	0
ecoli	bwa	freebayes	SNV	0.9953	4953	0	47	0.9953	4953	0	47	0
ecoli	bwa	freebayes	INDEL	0.997	994	0	6	0.997	994	0	6	0
ecoli	bwa	gatk	SNV	0.9953	4953	0	47	0.9953	4953	0	47	0
ecoli	bwa	gatk	INDEL	0.9975	995	0	5	0.9975	995	0	5	0
ecoli	minimap2	bcftools	SNV	0.9942	4947	5	53	0.9944	4948	4	52	-0.0002
ecoli	minimap2	bcftools	INDEL	0.997	994	0	6	0.997	994	0	6	0
ecoli	minimap2	freebayes	SNV	0.9953	4953	0	47	0.9953	4953	0	47	0
ecoli	minimap2	freebayes	INDEL	0.9975	995	0	5	0.9975	995	0	5	0
ecoli	minimap2	gatk	SNV	0.9945	4945	0	55	0.9946	4946	0	54	-0.0001
ecoli	minimap2	gatk	INDEL	0.997	994	0	6	0.997	994	0	6	0
phiX	bowtie2	bcftools	SNV	1	50	0	0	1	50	0	0	0
phiX	bowtie2	bcftools	INDEL	1	10	0	0	1	10	0	0	0
phiX	bowtie2	freebayes	SNV	1	50	0	0	1	50	0	0	0
phiX	bowtie2	freebayes	INDEL	1	10	0	0	1	10	0	0	0
phiX	bowtie2	gatk	SNV	1	50	0	0	1	50	0	0	0
phiX	bowtie2	gatk	INDEL	1	10	0	0	1	10	0	0	0
phiX	bwa	bcftools	SNV	1	50	0	0	1	50	0	0	0
phiX	bwa	bcftools	INDEL	1	10	0	0	1	10	0	0	0
phiX	bwa	freebayes	SNV	1	50	0	0	1	50	0	0	0
phiX	bwa	freebayes	INDEL	1	10	0	0	1	10	0	0	0
phiX	bwa	gatk	SNV	1	50	0	0	1	50	0	0	0
phiX	bwa	gatk	INDEL	1	10	0	0	1	10	0	0	0
phiX	minimap2	bcftools	SNV	1	50	0	0	1	50	0	0	0
phiX	minimap2	bcftools	INDEL	1	10	0	0	1	10	0	0	0
phiX	minimap2	freebayes	SNV	1	50	0	0	1	50	0	0	0
phiX	minimap2	freebayes	INDEL	1	10	0	0	1	10	0	0	0
phiX	minimap2	gatk	SNV	1	50	0	0	1	50	0	0	0
phiX	minimap2	gatk	INDEL	1	10	0	0	1	10	0	0	0
