coverage	read_length	qs_shift	variant_type	actual_best	actual_best_f1	model_top	model_top_n	model_top_mean_f1	best_in_model_top	worst	worst_f1
5	150	0	INDEL	bwa+gatk	0.96778	bowtie2+bcftools,bowtie2+freebayes,bowtie2+gatk,bwa+bcftools,bwa+freebayes,bwa+gatk,minimap2+bcftools,minimap2+freebayes,minimap2+gatk	9	0.962984	True	bowtie2+bcftools	0.9571
5	150	0	SNV	bwa+bcftools	0.98394	bwa+bcftools,minimap2+bcftools	2	0.9837	True	bowtie2+gatk	0.96246
10	150	0	INDEL	minimap2+freebayes	0.9961	bwa+bcftools,bwa+freebayes,bwa+gatk,minimap2+bcftools,minimap2+freebayes,minimap2+gatk	6	0.995033	True	bowtie2+bcftools	0.98284
10	150	0	SNV	minimap2+freebayes	0.9941	bwa+freebayes,bwa+gatk,minimap2+freebayes,minimap2+gatk	4	0.993725	True	bowtie2+gatk	0.98888
20	150	0	INDEL	bwa+gatk	0.9976	bwa+bcftools,bwa+freebayes,bwa+gatk,minimap2+bcftools,minimap2+freebayes,minimap2+gatk	6	0.99695	True	bowtie2+bcftools	0.98044
20	150	0	SNV	minimap2+freebayes	0.9951	bwa+freebayes,bwa+gatk,minimap2+freebayes,minimap2+gatk	4	0.994845	True	bowtie2+gatk	0.99054
30	75	0	INDEL	bwa+gatk	0.996	bwa+bcftools,bwa+freebayes,bwa+gatk,minimap2+bcftools,minimap2+freebayes,minimap2+gatk	6	0.99264	True	bowtie2+bcftools	0.963
30	75	0	SNV	minimap2+freebayes	0.99496	bwa+freebayes,bwa+gatk,minimap2+freebayes,minimap2+gatk	4	0.99435	True	bowtie2+freebayes	0.98804
30	100	0	INDEL	bwa+gatk	0.9971	bwa+bcftools,bwa+freebayes,bwa+gatk,minimap2+bcftools,minimap2+freebayes,minimap2+gatk	6	0.995617	True	bowtie2+bcftools	0.96838
30	100	0	SNV	minimap2+freebayes	0.99528	bwa+freebayes,bwa+gatk,minimap2+freebayes,minimap2+gatk	4	0.99498	True	bowtie2+freebayes	0.98618
30	150	-10	INDEL	bwa+gatk	0.9971	bwa+bcftools,bwa+freebayes,bwa+gatk,minimap2+bcftools,minimap2+freebayes,minimap2+gatk	6	0.996567	True	bowtie2+bcftools	0.98218
30	150	-10	SNV	bwa+freebayes	0.9953	bwa+freebayes,bwa+gatk,minimap2+freebayes,minimap2+gatk	4	0.994965	True	bowtie2+freebayes	0.98594
30	150	-5	INDEL	bwa+gatk	0.9976	bwa+bcftools,bwa+freebayes,bwa+gatk,minimap2+bcftools,minimap2+freebayes,minimap2+gatk	6	0.99725	True	bowtie2+bcftools	0.98016
30	150	-5	SNV	bwa+freebayes	0.99544	bwa+freebayes,bwa+gatk,minimap2+freebayes,minimap2+gatk	4	0.99522	True	bowtie2+freebayes	0.9886
30	150	-2	INDEL	bwa+gatk	0.9978	bwa+bcftools,bwa+freebayes,bwa+gatk,minimap2+bcftools,minimap2+freebayes,minimap2+gatk	6	0.99735	True	bowtie2+bcftools	0.98004
30	150	-2	SNV	bwa+freebayes	0.99534	bwa+freebayes,bwa+gatk,minimap2+freebayes,minimap2+gatk	4	0.995135	True	bowtie2+freebayes	0.98862
30	150	0	INDEL	bwa+gatk	0.9976	bwa+bcftools,bwa+freebayes,bwa+gatk,minimap2+bcftools,minimap2+freebayes,minimap2+gatk	6	0.997217	True	bowtie2+bcftools	0.97946
30	150	0	SNV	minimap2+freebayes	0.99536	bwa+freebayes,bwa+gatk,minimap2+freebayes,minimap2+gatk	4	0.995115	True	bowtie2+freebayes	0.98876
50	150	0	INDEL	bwa+gatk	0.9976	bwa+bcftools,bwa+freebayes,bwa+gatk,minimap2+bcftools,minimap2+freebayes,minimap2+gatk	6	0.997383	True	bowtie2+bcftools	0.9772
50	150	0	SNV	minimap2+freebayes	0.99564	bwa+freebayes,bwa+gatk,minimap2+freebayes,minimap2+gatk	4	0.99541	True	bowtie2+freebayes	0.9875
100	150	0	INDEL	bwa+gatk	0.9981	bwa+bcftools,bwa+freebayes,bwa+gatk,minimap2+bcftools,minimap2+freebayes,minimap2+gatk	6	0.997533	True	bowtie2+bcftools	0.97222
100	150	0	SNV	bwa+freebayes	0.996	bwa+freebayes,bwa+gatk,minimap2+freebayes,minimap2+gatk	4	0.995885	True	bowtie2+freebayes	0.98496
