condition_id	genome	coverage	read_length	qs_shift	seed	axis	is_baseline	tag
phiX_c00	phiX	30	150	0	1	baseline	yes	phiX_cov30_len150_err0_seed1
phiX_c00	phiX	30	150	0	2	baseline	yes	phiX_cov30_len150_err0_seed2
phiX_c00	phiX	30	150	0	3	baseline	yes	phiX_cov30_len150_err0_seed3
phiX_c00	phiX	30	150	0	4	baseline	yes	phiX_cov30_len150_err0_seed4
phiX_c00	phiX	30	150	0	5	baseline	yes	phiX_cov30_len150_err0_seed5
phiX_c01	phiX	5	150	0	1	coverage	no	phiX_cov5_len150_err0_seed1
phiX_c01	phiX	5	150	0	2	coverage	no	phiX_cov5_len150_err0_seed2
phiX_c01	phiX	5	150	0	3	coverage	no	phiX_cov5_len150_err0_seed3
phiX_c01	phiX	5	150	0	4	coverage	no	phiX_cov5_len150_err0_seed4
phiX_c01	phiX	5	150	0	5	coverage	no	phiX_cov5_len150_err0_seed5
phiX_c02	phiX	10	150	0	1	coverage	no	phiX_cov10_len150_err0_seed1
phiX_c02	phiX	10	150	0	2	coverage	no	phiX_cov10_len150_err0_seed2
phiX_c02	phiX	10	150	0	3	coverage	no	phiX_cov10_len150_err0_seed3
phiX_c02	phiX	10	150	0	4	coverage	no	phiX_cov10_len150_err0_seed4
phiX_c02	phiX	10	150	0	5	coverage	no	phiX_cov10_len150_err0_seed5
phiX_c03	phiX	20	150	0	1	coverage	no	phiX_cov20_len150_err0_seed1
phiX_c03	phiX	20	150	0	2	coverage	no	phiX_cov20_len150_err0_seed2
phiX_c03	phiX	20	150	0	3	coverage	no	phiX_cov20_len150_err0_seed3
phiX_c03	phiX	20	150	0	4	coverage	no	phiX_cov20_len150_err0_seed4
phiX_c03	phiX	20	150	0	5	coverage	no	phiX_cov20_len150_err0_seed5
phiX_c04	phiX	50	150	0	1	coverage	no	phiX_cov50_len150_err0_seed1
phiX_c04	phiX	50	150	0	2	coverage	no	phiX_cov50_len150_err0_seed2
phiX_c04	phiX	50	150	0	3	coverage	no	phiX_cov50_len150_err0_seed3
phiX_c04	phiX	50	150	0	4	coverage	no	phiX_cov50_len150_err0_seed4
phiX_c04	phiX	50	150	0	5	coverage	no	phiX_cov50_len150_err0_seed5
phiX_c05	phiX	100	150	0	1	coverage	no	phiX_cov100_len150_err0_seed1
phiX_c05	phiX	100	150	0	2	coverage	no	phiX_cov100_len150_err0_seed2
phiX_c05	phiX	100	150	0	3	coverage	no	phiX_cov100_len150_err0_seed3
phiX_c05	phiX	100	150	0	4	coverage	no	phiX_cov100_len150_err0_seed4
phiX_c05	phiX	100	150	0	5	coverage	no	phiX_cov100_len150_err0_seed5
phiX_c06	phiX	30	75	0	1	read_length	no	phiX_cov30_len75_err0_seed1
phiX_c06	phiX	30	75	0	2	read_length	no	phiX_cov30_len75_err0_seed2
phiX_c06	phiX	30	75	0	3	read_length	no	phiX_cov30_len75_err0_seed3
phiX_c06	phiX	30	75	0	4	read_length	no	phiX_cov30_len75_err0_seed4
phiX_c06	phiX	30	75	0	5	read_length	no	phiX_cov30_len75_err0_seed5
phiX_c07	phiX	30	100	0	1	read_length	no	phiX_cov30_len100_err0_seed1
phiX_c07	phiX	30	100	0	2	read_length	no	phiX_cov30_len100_err0_seed2
phiX_c07	phiX	30	100	0	3	read_length	no	phiX_cov30_len100_err0_seed3
phiX_c07	phiX	30	100	0	4	read_length	no	phiX_cov30_len100_err0_seed4
phiX_c07	phiX	30	100	0	5	read_length	no	phiX_cov30_len100_err0_seed5
phiX_c08	phiX	30	150	-2	1	qs_shift	no	phiX_cov30_len150_err-2_seed1
phiX_c08	phiX	30	150	-2	2	qs_shift	no	phiX_cov30_len150_err-2_seed2
phiX_c08	phiX	30	150	-2	3	qs_shift	no	phiX_cov30_len150_err-2_seed3
phiX_c08	phiX	30	150	-2	4	qs_shift	no	phiX_cov30_len150_err-2_seed4
phiX_c08	phiX	30	150	-2	5	qs_shift	no	phiX_cov30_len150_err-2_seed5
phiX_c09	phiX	30	150	-5	1	qs_shift	no	phiX_cov30_len150_err-5_seed1
phiX_c09	phiX	30	150	-5	2	qs_shift	no	phiX_cov30_len150_err-5_seed2
phiX_c09	phiX	30	150	-5	3	qs_shift	no	phiX_cov30_len150_err-5_seed3
phiX_c09	phiX	30	150	-5	4	qs_shift	no	phiX_cov30_len150_err-5_seed4
phiX_c09	phiX	30	150	-5	5	qs_shift	no	phiX_cov30_len150_err-5_seed5
phiX_c10	phiX	30	150	-10	1	qs_shift	no	phiX_cov30_len150_err-10_seed1
phiX_c10	phiX	30	150	-10	2	qs_shift	no	phiX_cov30_len150_err-10_seed2
phiX_c10	phiX	30	150	-10	3	qs_shift	no	phiX_cov30_len150_err-10_seed3
phiX_c10	phiX	30	150	-10	4	qs_shift	no	phiX_cov30_len150_err-10_seed4
phiX_c10	phiX	30	150	-10	5	qs_shift	no	phiX_cov30_len150_err-10_seed5
ecoli_c00	ecoli	30	150	0	1	baseline	yes	ecoli_cov30_len150_err0_seed1
ecoli_c00	ecoli	30	150	0	2	baseline	yes	ecoli_cov30_len150_err0_seed2
ecoli_c00	ecoli	30	150	0	3	baseline	yes	ecoli_cov30_len150_err0_seed3
ecoli_c00	ecoli	30	150	0	4	baseline	yes	ecoli_cov30_len150_err0_seed4
ecoli_c00	ecoli	30	150	0	5	baseline	yes	ecoli_cov30_len150_err0_seed5
ecoli_c01	ecoli	5	150	0	1	coverage	no	ecoli_cov5_len150_err0_seed1
ecoli_c01	ecoli	5	150	0	2	coverage	no	ecoli_cov5_len150_err0_seed2
ecoli_c01	ecoli	5	150	0	3	coverage	no	ecoli_cov5_len150_err0_seed3
ecoli_c01	ecoli	5	150	0	4	coverage	no	ecoli_cov5_len150_err0_seed4
ecoli_c01	ecoli	5	150	0	5	coverage	no	ecoli_cov5_len150_err0_seed5
ecoli_c02	ecoli	10	150	0	1	coverage	no	ecoli_cov10_len150_err0_seed1
ecoli_c02	ecoli	10	150	0	2	coverage	no	ecoli_cov10_len150_err0_seed2
ecoli_c02	ecoli	10	150	0	3	coverage	no	ecoli_cov10_len150_err0_seed3
ecoli_c02	ecoli	10	150	0	4	coverage	no	ecoli_cov10_len150_err0_seed4
ecoli_c02	ecoli	10	150	0	5	coverage	no	ecoli_cov10_len150_err0_seed5
ecoli_c03	ecoli	20	150	0	1	coverage	no	ecoli_cov20_len150_err0_seed1
ecoli_c03	ecoli	20	150	0	2	coverage	no	ecoli_cov20_len150_err0_seed2
ecoli_c03	ecoli	20	150	0	3	coverage	no	ecoli_cov20_len150_err0_seed3
ecoli_c03	ecoli	20	150	0	4	coverage	no	ecoli_cov20_len150_err0_seed4
ecoli_c03	ecoli	20	150	0	5	coverage	no	ecoli_cov20_len150_err0_seed5
ecoli_c04	ecoli	50	150	0	1	coverage	no	ecoli_cov50_len150_err0_seed1
ecoli_c04	ecoli	50	150	0	2	coverage	no	ecoli_cov50_len150_err0_seed2
ecoli_c04	ecoli	50	150	0	3	coverage	no	ecoli_cov50_len150_err0_seed3
ecoli_c04	ecoli	50	150	0	4	coverage	no	ecoli_cov50_len150_err0_seed4
ecoli_c04	ecoli	50	150	0	5	coverage	no	ecoli_cov50_len150_err0_seed5
ecoli_c05	ecoli	100	150	0	1	coverage	no	ecoli_cov100_len150_err0_seed1
ecoli_c05	ecoli	100	150	0	2	coverage	no	ecoli_cov100_len150_err0_seed2
ecoli_c05	ecoli	100	150	0	3	coverage	no	ecoli_cov100_len150_err0_seed3
ecoli_c05	ecoli	100	150	0	4	coverage	no	ecoli_cov100_len150_err0_seed4
ecoli_c05	ecoli	100	150	0	5	coverage	no	ecoli_cov100_len150_err0_seed5
ecoli_c06	ecoli	30	75	0	1	read_length	no	ecoli_cov30_len75_err0_seed1
ecoli_c06	ecoli	30	75	0	2	read_length	no	ecoli_cov30_len75_err0_seed2
ecoli_c06	ecoli	30	75	0	3	read_length	no	ecoli_cov30_len75_err0_seed3
ecoli_c06	ecoli	30	75	0	4	read_length	no	ecoli_cov30_len75_err0_seed4
ecoli_c06	ecoli	30	75	0	5	read_length	no	ecoli_cov30_len75_err0_seed5
ecoli_c07	ecoli	30	100	0	1	read_length	no	ecoli_cov30_len100_err0_seed1
ecoli_c07	ecoli	30	100	0	2	read_length	no	ecoli_cov30_len100_err0_seed2
ecoli_c07	ecoli	30	100	0	3	read_length	no	ecoli_cov30_len100_err0_seed3
ecoli_c07	ecoli	30	100	0	4	read_length	no	ecoli_cov30_len100_err0_seed4
ecoli_c07	ecoli	30	100	0	5	read_length	no	ecoli_cov30_len100_err0_seed5
ecoli_c08	ecoli	30	150	-2	1	qs_shift	no	ecoli_cov30_len150_err-2_seed1
ecoli_c08	ecoli	30	150	-2	2	qs_shift	no	ecoli_cov30_len150_err-2_seed2
ecoli_c08	ecoli	30	150	-2	3	qs_shift	no	ecoli_cov30_len150_err-2_seed3
ecoli_c08	ecoli	30	150	-2	4	qs_shift	no	ecoli_cov30_len150_err-2_seed4
ecoli_c08	ecoli	30	150	-2	5	qs_shift	no	ecoli_cov30_len150_err-2_seed5
ecoli_c09	ecoli	30	150	-5	1	qs_shift	no	ecoli_cov30_len150_err-5_seed1
ecoli_c09	ecoli	30	150	-5	2	qs_shift	no	ecoli_cov30_len150_err-5_seed2
ecoli_c09	ecoli	30	150	-5	3	qs_shift	no	ecoli_cov30_len150_err-5_seed3
ecoli_c09	ecoli	30	150	-5	4	qs_shift	no	ecoli_cov30_len150_err-5_seed4
ecoli_c09	ecoli	30	150	-5	5	qs_shift	no	ecoli_cov30_len150_err-5_seed5
ecoli_c10	ecoli	30	150	-10	1	qs_shift	no	ecoli_cov30_len150_err-10_seed1
ecoli_c10	ecoli	30	150	-10	2	qs_shift	no	ecoli_cov30_len150_err-10_seed2
ecoli_c10	ecoli	30	150	-10	3	qs_shift	no	ecoli_cov30_len150_err-10_seed3
ecoli_c10	ecoli	30	150	-10	4	qs_shift	no	ecoli_cov30_len150_err-10_seed4
ecoli_c10	ecoli	30	150	-10	5	qs_shift	no	ecoli_cov30_len150_err-10_seed5
