phiX_cov30_len150_err0_seed1	bwa	gatk	2.28
phiX_cov30_len150_err0_seed1	bwa	freebayes	0.03
phiX_cov30_len150_err0_seed1	bwa	bcftools	0.07
phiX_cov30_len150_err0_seed1	bowtie2	gatk	1.94
phiX_cov30_len150_err0_seed1	bowtie2	freebayes	0.02
phiX_cov30_len150_err0_seed1	bowtie2	bcftools	0.07
phiX_cov30_len150_err0_seed1	minimap2	gatk	1.99
phiX_cov30_len150_err0_seed1	minimap2	freebayes	0.02
phiX_cov30_len150_err0_seed1	minimap2	bcftools	0.07
ecoli_cov30_len150_err0_seed1	bwa	gatk	31.25
ecoli_cov30_len150_err0_seed1	bwa	freebayes	10.61
ecoli_cov30_len150_err0_seed1	bwa	bcftools	9.92
ecoli_cov30_len150_err0_seed1	bowtie2	gatk	31.00
ecoli_cov30_len150_err0_seed1	bowtie2	freebayes	10.84
ecoli_cov30_len150_err0_seed1	bowtie2	bcftools	9.72
ecoli_cov30_len150_err0_seed1	minimap2	gatk	31.72
ecoli_cov30_len150_err0_seed1	minimap2	freebayes	10.66
ecoli_cov30_len150_err0_seed1	minimap2	bcftools	9.82
