tag	aligner	tolerance	total_reads	mapped	mapping_rate	correct	placement_accuracy	placement_accuracy_of_mapped	mean_mapq	mapq0_reads	median_abs_offset	missing_from_truth
ecoli_cov100_len150_err0_seed1	bowtie2	10	3094500	3093872	0.999797	3063646	0.990029	0.990230	41.175134	12	0	0
ecoli_cov100_len150_err0_seed1	bwa	10	3094500	3094500	1.000000	3064419	0.990279	0.990279	59.058788	39753	0	0
ecoli_cov100_len150_err0_seed1	minimap2	10	3094500	3094499	1.000000	3064440	0.990286	0.990286	59.076449	39764	0	0
ecoli_cov100_len150_err0_seed2	bowtie2	10	3094500	3093863	0.999794	3063559	0.990001	0.990205	41.174287	18	0	0
ecoli_cov100_len150_err0_seed2	bwa	10	3094500	3094500	1.000000	3064303	0.990242	0.990242	59.057331	39811	0	0
ecoli_cov100_len150_err0_seed2	minimap2	10	3094500	3094497	0.999999	3064027	0.990153	0.990153	59.076804	39848	0	0
ecoli_cov100_len150_err0_seed3	bowtie2	10	3094500	3093896	0.999805	3063689	0.990043	0.990237	41.171277	19	0	0
ecoli_cov100_len150_err0_seed3	bwa	10	3094500	3094500	1.000000	3064013	0.990148	0.990148	59.055690	40101	0	0
ecoli_cov100_len150_err0_seed3	minimap2	10	3094500	3094499	1.000000	3064092	0.990174	0.990174	59.072124	40118	0	0
ecoli_cov100_len150_err0_seed4	bowtie2	10	3094500	3093914	0.999811	3063676	0.990039	0.990227	41.172600	11	0	0
ecoli_cov100_len150_err0_seed4	bwa	10	3094500	3094500	1.000000	3064036	0.990155	0.990155	59.058571	39836	0	0
ecoli_cov100_len150_err0_seed4	minimap2	10	3094500	3094500	1.000000	3064105	0.990178	0.990178	59.076256	39871	0	0
ecoli_cov100_len150_err0_seed5	bowtie2	10	3094500	3093883	0.999801	3064007	0.990146	0.990344	41.180315	25	0	0
ecoli_cov100_len150_err0_seed5	bwa	10	3094500	3094500	1.000000	3064263	0.990229	0.990229	59.065816	39485	0	0
ecoli_cov100_len150_err0_seed5	minimap2	10	3094500	3094499	1.000000	3064484	0.990300	0.990301	59.084739	39530	0	0
ecoli_cov10_len150_err0_seed1	bowtie2	10	309450	309388	0.999800	306357	0.990005	0.990203	41.169283	0	0	0
ecoli_cov10_len150_err0_seed1	bwa	10	309450	309450	1.000000	306441	0.990276	0.990276	59.057631	3992	0	0
ecoli_cov10_len150_err0_seed1	minimap2	10	309450	309450	1.000000	306369	0.990044	0.990044	59.071007	3992	0	0
ecoli_cov10_len150_err0_seed2	bowtie2	10	309450	309383	0.999783	306221	0.989565	0.989780	41.158315	2	0	0
ecoli_cov10_len150_err0_seed2	bwa	10	309450	309450	1.000000	306315	0.989869	0.989869	59.032690	4096	0	0
ecoli_cov10_len150_err0_seed2	minimap2	10	309450	309450	1.000000	306435	0.990257	0.990257	59.050435	4091	0	0
ecoli_cov10_len150_err0_seed3	bowtie2	10	309450	309397	0.999829	306250	0.989659	0.989829	41.157044	1	0	0
ecoli_cov10_len150_err0_seed3	bwa	10	309450	309450	1.000000	306335	0.989934	0.989934	59.039338	4084	0	0
ecoli_cov10_len150_err0_seed3	minimap2	10	309450	309450	1.000000	306382	0.990086	0.990086	59.050179	4087	0	0
ecoli_cov10_len150_err0_seed4	bowtie2	10	309450	309393	0.999816	306343	0.989960	0.990142	41.166775	2	0	0
ecoli_cov10_len150_err0_seed4	bwa	10	309450	309450	1.000000	306344	0.989963	0.989963	59.042020	4018	0	0
ecoli_cov10_len150_err0_seed4	minimap2	10	309450	309450	1.000000	306399	0.990141	0.990141	59.059076	4023	0	0
ecoli_cov10_len150_err0_seed5	bowtie2	10	309450	309378	0.999767	306327	0.989908	0.990138	41.174204	4	0	0
ecoli_cov10_len150_err0_seed5	bwa	10	309450	309450	1.000000	306355	0.989998	0.989998	59.046987	4001	0	0
ecoli_cov10_len150_err0_seed5	minimap2	10	309450	309449	0.999997	306402	0.990150	0.990153	59.064679	4005	0	0
ecoli_cov20_len150_err0_seed1	bowtie2	10	618900	618785	0.999814	612761	0.990081	0.990265	41.171934	0	0	0
ecoli_cov20_len150_err0_seed1	bwa	10	618900	618900	1.000000	612944	0.990376	0.990376	59.058892	7954	0	0
ecoli_cov20_len150_err0_seed1	minimap2	10	618900	618900	1.000000	612950	0.990386	0.990386	59.075177	7952	0	0
ecoli_cov20_len150_err0_seed2	bowtie2	10	618900	618768	0.999787	612697	0.989977	0.990189	41.176969	2	0	0
ecoli_cov20_len150_err0_seed2	bwa	10	618900	618900	1.000000	612911	0.990323	0.990323	59.059326	7931	0	0
ecoli_cov20_len150_err0_seed2	minimap2	10	618900	618899	0.999998	612808	0.990157	0.990158	59.078672	7930	0	0
ecoli_cov20_len150_err0_seed3	bowtie2	10	618900	618790	0.999822	612639	0.989884	0.990060	41.164681	1	0	0
ecoli_cov20_len150_err0_seed3	bwa	10	618900	618900	1.000000	612738	0.990044	0.990044	59.045334	8126	0	0
ecoli_cov20_len150_err0_seed3	minimap2	10	618900	618900	1.000000	612813	0.990165	0.990165	59.058471	8132	0	0
ecoli_cov20_len150_err0_seed4	bowtie2	10	618900	618784	0.999813	612695	0.989974	0.990160	41.176470	2	0	0
ecoli_cov20_len150_err0_seed4	bwa	10	618900	618900	1.000000	612786	0.990121	0.990121	59.054742	7960	0	0
ecoli_cov20_len150_err0_seed4	minimap2	10	618900	618900	1.000000	612749	0.990061	0.990061	59.071724	7963	0	0
ecoli_cov20_len150_err0_seed5	bowtie2	10	618900	618759	0.999772	612766	0.990089	0.990314	41.184660	6	0	0
ecoli_cov20_len150_err0_seed5	bwa	10	618900	618900	1.000000	612775	0.990103	0.990103	59.065673	7907	0	0
ecoli_cov20_len150_err0_seed5	minimap2	10	618900	618899	0.999998	612890	0.990289	0.990291	59.084444	7901	0	0
ecoli_cov30_len100_err0_seed1	bowtie2	10	1392540	1392191	0.999749	1377780	0.989401	0.989649	41.182159	8	0	0
ecoli_cov30_len100_err0_seed1	bwa	10	1392540	1392540	1.000000	1378195	0.989699	0.989699	58.991116	19021	0	0
ecoli_cov30_len100_err0_seed1	minimap2	10	1392540	1392532	0.999994	1378122	0.989646	0.989652	59.055579	19187	0	0
ecoli_cov30_len100_err0_seed2	bowtie2	10	1392540	1392145	0.999716	1377451	0.989164	0.989445	41.159534	10	0	0
ecoli_cov30_len100_err0_seed2	bwa	10	1392540	1392540	1.000000	1377769	0.989393	0.989393	58.966031	19581	0	0
ecoli_cov30_len100_err0_seed2	minimap2	10	1392540	1392536	0.999997	1377631	0.989294	0.989297	59.029850	19794	0	0
ecoli_cov30_len100_err0_seed3	bowtie2	10	1392540	1392145	0.999716	1377701	0.989344	0.989625	41.176421	8	0	0
ecoli_cov30_len100_err0_seed3	bwa	10	1392540	1392540	1.000000	1377983	0.989546	0.989546	58.982670	19287	0	0
ecoli_cov30_len100_err0_seed3	minimap2	10	1392540	1392533	0.999995	1377779	0.989400	0.989405	59.045926	19453	0	0
ecoli_cov30_len100_err0_seed4	bowtie2	10	1392540	1392118	0.999697	1377478	0.989184	0.989484	41.162722	12	0	0
ecoli_cov30_len100_err0_seed4	bwa	10	1392540	1392540	1.000000	1377904	0.989490	0.989490	58.965390	19488	0	0
ecoli_cov30_len100_err0_seed4	minimap2	10	1392540	1392533	0.999995	1377681	0.989330	0.989335	59.028478	19660	0	0
ecoli_cov30_len100_err0_seed5	bowtie2	10	1392540	1392146	0.999717	1377468	0.989177	0.989457	41.157307	9	0	0
ecoli_cov30_len100_err0_seed5	bwa	10	1392540	1392540	1.000000	1377667	0.989320	0.989320	58.966478	19594	0	0
ecoli_cov30_len100_err0_seed5	minimap2	10	1392540	1392530	0.999993	1377682	0.989330	0.989337	59.030845	19771	0	0
ecoli_cov30_len150_err-10_seed1	bowtie2	10	928350	928061	0.999689	918833	0.989748	0.990057	41.095856	6	0	0
ecoli_cov30_len150_err-10_seed1	bwa	10	928350	928350	1.000000	919038	0.989969	0.989969	59.038543	12142	0	0
ecoli_cov30_len150_err-10_seed1	minimap2	10	928350	928300	0.999946	918906	0.989827	0.989880	59.036507	12150	0	0
ecoli_cov30_len150_err-10_seed2	bowtie2	10	928350	928131	0.999764	919013	0.989942	0.990176	41.114332	3	0	0
ecoli_cov30_len150_err-10_seed2	bwa	10	928350	928350	1.000000	919066	0.989999	0.989999	59.051829	12120	0	0
ecoli_cov30_len150_err-10_seed2	minimap2	10	928350	928290	0.999935	919015	0.989945	0.990009	59.053001	12128	0	0
ecoli_cov30_len150_err-10_seed3	bowtie2	10	928350	928104	0.999735	918823	0.989738	0.990000	41.103693	4	0	0
ecoli_cov30_len150_err-10_seed3	bwa	10	928350	928350	1.000000	919203	0.990147	0.990147	59.046675	12090	0	0
ecoli_cov30_len150_err-10_seed3	minimap2	10	928350	928307	0.999954	919109	0.990046	0.990092	59.046940	12105	0	0
ecoli_cov30_len150_err-10_seed4	bowtie2	10	928350	928085	0.999715	919095	0.990031	0.990313	41.113451	14	0	0
ecoli_cov30_len150_err-10_seed4	bwa	10	928350	928350	1.000000	919355	0.990311	0.990311	59.059898	11842	0	0
ecoli_cov30_len150_err-10_seed4	minimap2	10	928350	928296	0.999942	919264	0.990213	0.990270	59.057273	11857	0	0
ecoli_cov30_len150_err-10_seed5	bowtie2	10	928350	928103	0.999734	919115	0.990052	0.990316	41.118461	8	0	0
ecoli_cov30_len150_err-10_seed5	bwa	10	928350	928350	1.000000	919401	0.990360	0.990360	59.070094	11839	0	0
ecoli_cov30_len150_err-10_seed5	minimap2	10	928350	928305	0.999952	919169	0.990110	0.990158	59.069352	11846	0	0
ecoli_cov30_len150_err-2_seed1	bowtie2	10	928350	928176	0.999813	919077	0.990011	0.990197	41.164993	2	0	0
ecoli_cov30_len150_err-2_seed1	bwa	10	928350	928350	1.000000	919311	0.990263	0.990263	59.059907	11986	0	0
ecoli_cov30_len150_err-2_seed1	minimap2	10	928350	928347	0.999997	919155	0.990095	0.990099	59.078597	11998	0	0
ecoli_cov30_len150_err-2_seed2	bowtie2	10	928350	928157	0.999792	919021	0.989951	0.990157	41.149450	5	0	0
ecoli_cov30_len150_err-2_seed2	bwa	10	928350	928350	1.000000	919204	0.990148	0.990148	59.051347	12020	0	0
ecoli_cov30_len150_err-2_seed2	minimap2	10	928350	928348	0.999998	919169	0.990110	0.990113	59.068684	12030	0	0
ecoli_cov30_len150_err-2_seed3	bowtie2	10	928350	928170	0.999806	919155	0.990095	0.990287	41.166942	8	0	0
ecoli_cov30_len150_err-2_seed3	bwa	10	928350	928350	1.000000	919134	0.990073	0.990073	59.061139	11979	0	0
ecoli_cov30_len150_err-2_seed3	minimap2	10	928350	928348	0.999998	919261	0.990210	0.990212	59.080313	11972	0	0
ecoli_cov30_len150_err-2_seed4	bowtie2	10	928350	928165	0.999801	919132	0.990071	0.990268	41.161464	7	0	0
ecoli_cov30_len150_err-2_seed4	bwa	10	928350	928350	1.000000	919306	0.990258	0.990258	59.054665	11958	0	0
ecoli_cov30_len150_err-2_seed4	minimap2	10	928350	928349	0.999999	919197	0.990141	0.990142	59.072797	11974	0	0
ecoli_cov30_len150_err-2_seed5	bowtie2	10	928350	928157	0.999792	919172	0.990114	0.990320	41.166840	4	0	0
ecoli_cov30_len150_err-2_seed5	bwa	10	928350	928350	1.000000	919282	0.990232	0.990232	59.064125	11850	0	0
ecoli_cov30_len150_err-2_seed5	minimap2	10	928350	928350	1.000000	919484	0.990450	0.990450	59.081515	11867	0	0
ecoli_cov30_len150_err-5_seed1	bowtie2	10	928350	928156	0.999791	918981	0.989908	0.990115	41.138075	3	0	0
ecoli_cov30_len150_err-5_seed1	bwa	10	928350	928350	1.000000	919118	0.990055	0.990055	59.053732	12077	0	0
ecoli_cov30_len150_err-5_seed1	minimap2	10	928350	928348	0.999998	919146	0.990086	0.990088	59.069859	12084	0	0
ecoli_cov30_len150_err-5_seed2	bowtie2	10	928350	928156	0.999791	919036	0.989967	0.990174	41.129967	9	0	0
ecoli_cov30_len150_err-5_seed2	bwa	10	928350	928350	1.000000	919144	0.990083	0.990083	59.046542	12082	0	0
ecoli_cov30_len150_err-5_seed2	minimap2	10	928350	928347	0.999997	919172	0.990114	0.990117	59.063044	12095	0	0
ecoli_cov30_len150_err-5_seed3	bowtie2	10	928350	928171	0.999807	919213	0.990158	0.990349	41.149716	6	0	0
ecoli_cov30_len150_err-5_seed3	bwa	10	928350	928350	1.000000	919329	0.990283	0.990283	59.071359	11811	0	0
ecoli_cov30_len150_err-5_seed3	minimap2	10	928350	928347	0.999997	919282	0.990232	0.990235	59.088092	11811	0	0
ecoli_cov30_len150_err-5_seed4	bowtie2	10	928350	928177	0.999814	919145	0.990085	0.990269	41.140957	6	0	0
ecoli_cov30_len150_err-5_seed4	bwa	10	928350	928350	1.000000	919353	0.990309	0.990309	59.065156	11825	0	0
ecoli_cov30_len150_err-5_seed4	minimap2	10	928350	928345	0.999995	919315	0.990268	0.990273	59.081030	11845	0	0
ecoli_cov30_len150_err-5_seed5	bowtie2	10	928350	928163	0.999799	919059	0.989992	0.990191	41.130771	6	0	0
ecoli_cov30_len150_err-5_seed5	bwa	10	928350	928350	1.000000	919249	0.990197	0.990197	59.051914	12000	0	0
ecoli_cov30_len150_err-5_seed5	minimap2	10	928350	928344	0.999994	919109	0.990046	0.990052	59.068004	12013	0	0
ecoli_cov30_len150_err0_seed1	bowtie2	10	928350	928169	0.999805	919188	0.990131	0.990324	41.174323	0	0	0
ecoli_cov30_len150_err0_seed1	bwa	10	928350	928350	1.000000	919372	0.990329	0.990329	59.063031	11864	0	0
ecoli_cov30_len150_err0_seed1	minimap2	10	928350	928350	1.000000	919257	0.990205	0.990205	59.081496	11874	0	0
ecoli_cov30_len150_err0_seed2	bowtie2	10	928350	928152	0.999787	919098	0.990034	0.990245	41.180271	6	0	0
ecoli_cov30_len150_err0_seed2	bwa	10	928350	928350	1.000000	919370	0.990327	0.990327	59.066474	11839	0	0
ecoli_cov30_len150_err0_seed2	minimap2	10	928350	928348	0.999998	919399	0.990358	0.990360	59.086753	11844	0	0
ecoli_cov30_len150_err0_seed3	bowtie2	10	928350	928187	0.999824	919079	0.990013	0.990187	41.171079	2	0	0
ecoli_cov30_len150_err0_seed3	bwa	10	928350	928350	1.000000	919186	0.990129	0.990129	59.052657	12089	0	0
ecoli_cov30_len150_err0_seed3	minimap2	10	928350	928350	1.000000	919173	0.990115	0.990115	59.065821	12105	0	0
ecoli_cov30_len150_err0_seed4	bowtie2	10	928350	928184	0.999821	919113	0.990050	0.990227	41.180723	3	0	0
ecoli_cov30_len150_err0_seed4	bwa	10	928350	928350	1.000000	919171	0.990113	0.990113	59.062551	11856	0	0
ecoli_cov30_len150_err0_seed4	minimap2	10	928350	928350	1.000000	919383	0.990341	0.990341	59.078630	11859	0	0
ecoli_cov30_len150_err0_seed5	bowtie2	10	928350	928155	0.999790	919117	0.990054	0.990262	41.178243	10	0	0
ecoli_cov30_len150_err0_seed5	bwa	10	928350	928350	1.000000	919153	0.990093	0.990093	59.060381	11928	0	0
ecoli_cov30_len150_err0_seed5	minimap2	10	928350	928349	0.999999	919283	0.990233	0.990234	59.078566	11934	0	0
ecoli_cov30_len75_err0_seed1	bowtie2	10	1856730	1856180	0.999704	1835210	0.988410	0.988703	41.145253	12	0	0
ecoli_cov30_len75_err0_seed1	bwa	10	1856730	1856721	0.999995	1835719	0.988684	0.988689	58.890574	27664	0	0
ecoli_cov30_len75_err0_seed1	minimap2	10	1856730	1856387	0.999815	1835182	0.988395	0.988577	58.749126	28209	0	0
ecoli_cov30_len75_err0_seed2	bowtie2	10	1856730	1856088	0.999654	1835179	0.988393	0.988735	41.154956	10	0	0
ecoli_cov30_len75_err0_seed2	bwa	10	1856730	1856721	0.999995	1835905	0.988784	0.988789	58.900800	27508	0	0
ecoli_cov30_len75_err0_seed2	minimap2	10	1856730	1856360	0.999801	1835183	0.988395	0.988592	58.758485	28031	0	0
ecoli_cov30_len75_err0_seed3	bowtie2	10	1856730	1856091	0.999656	1835188	0.988398	0.988738	41.149483	10	0	0
ecoli_cov30_len75_err0_seed3	bwa	10	1856730	1856719	0.999994	1835908	0.988786	0.988792	58.896346	27565	0	0
ecoli_cov30_len75_err0_seed3	minimap2	10	1856730	1856359	0.999800	1835240	0.988426	0.988623	58.752908	28085	0	0
ecoli_cov30_len75_err0_seed4	bowtie2	10	1856730	1856122	0.999673	1835228	0.988419	0.988743	41.148350	13	0	0
ecoli_cov30_len75_err0_seed4	bwa	10	1856730	1856726	0.999998	1835962	0.988815	0.988817	58.896418	27603	0	0
ecoli_cov30_len75_err0_seed4	minimap2	10	1856730	1856353	0.999797	1835123	0.988363	0.988564	58.752753	28146	0	0
ecoli_cov30_len75_err0_seed5	bowtie2	10	1856730	1856114	0.999668	1835430	0.988528	0.988856	41.155884	5	0	0
ecoli_cov30_len75_err0_seed5	bwa	10	1856730	1856719	0.999994	1836060	0.988868	0.988873	58.907966	27249	0	0
ecoli_cov30_len75_err0_seed5	minimap2	10	1856730	1856316	0.999777	1835293	0.988454	0.988675	58.761665	27819	0	0
ecoli_cov50_len150_err0_seed1	bowtie2	10	1547250	1546970	0.999819	1531853	0.990049	0.990228	41.177748	8	0	0
ecoli_cov50_len150_err0_seed1	bwa	10	1547250	1547250	1.000000	1532320	0.990351	0.990351	59.063300	19838	0	0
ecoli_cov50_len150_err0_seed1	minimap2	10	1547250	1547249	0.999999	1532140	0.990234	0.990235	59.081003	19852	0	0
ecoli_cov50_len150_err0_seed2	bowtie2	10	1547250	1546907	0.999778	1531880	0.990066	0.990286	41.178720	10	0	0
ecoli_cov50_len150_err0_seed2	bwa	10	1547250	1547250	1.000000	1532287	0.990329	0.990329	59.065713	19764	0	0
ecoli_cov50_len150_err0_seed2	minimap2	10	1547250	1547248	0.999999	1532163	0.990249	0.990250	59.084942	19769	0	0
ecoli_cov50_len150_err0_seed3	bowtie2	10	1547250	1546948	0.999805	1531689	0.989943	0.990136	41.162946	5	0	0
ecoli_cov50_len150_err0_seed3	bwa	10	1547250	1547250	1.000000	1531878	0.990065	0.990065	59.043668	20309	0	0
ecoli_cov50_len150_err0_seed3	minimap2	10	1547250	1547250	1.000000	1531921	0.990093	0.990093	59.058628	20296	0	0
ecoli_cov50_len150_err0_seed4	bowtie2	10	1547250	1546963	0.999815	1531807	0.990019	0.990203	41.173669	7	0	0
ecoli_cov50_len150_err0_seed4	bwa	10	1547250	1547250	1.000000	1531924	0.990095	0.990095	59.056211	19933	0	0
ecoli_cov50_len150_err0_seed4	minimap2	10	1547250	1547250	1.000000	1532060	0.990183	0.990183	59.073794	19935	0	0
ecoli_cov50_len150_err0_seed5	bowtie2	10	1547250	1546930	0.999793	1531900	0.990079	0.990284	41.180642	13	0	0
ecoli_cov50_len150_err0_seed5	bwa	10	1547250	1547250	1.000000	1532034	0.990166	0.990166	59.063913	19822	0	0
ecoli_cov50_len150_err0_seed5	minimap2	10	1547250	1547249	0.999999	1532244	0.990302	0.990302	59.082961	19848	0	0
ecoli_cov5_len150_err0_seed1	bowtie2	10	154726	154699	0.999825	153174	0.989969	0.990142	41.178999	0	0	0
ecoli_cov5_len150_err0_seed1	bwa	10	154726	154726	1.000000	153222	0.990280	0.990280	59.061476	1968	0	0
ecoli_cov5_len150_err0_seed1	minimap2	10	154726	154726	1.000000	153184	0.990034	0.990034	59.071649	1970	0	0
ecoli_cov5_len150_err0_seed2	bowtie2	10	154726	154690	0.999767	153113	0.989575	0.989805	41.165576	0	0	0
ecoli_cov5_len150_err0_seed2	bwa	10	154726	154726	1.000000	153163	0.989898	0.989898	59.042785	2030	0	0
ecoli_cov5_len150_err0_seed2	minimap2	10	154726	154726	1.000000	153222	0.990280	0.990280	59.062207	2017	0	0
ecoli_cov5_len150_err0_seed3	bowtie2	10	154726	154704	0.999858	153123	0.989640	0.989780	41.148477	1	0	0
ecoli_cov5_len150_err0_seed3	bwa	10	154726	154726	1.000000	153176	0.989982	0.989982	59.035159	2030	0	0
ecoli_cov5_len150_err0_seed3	minimap2	10	154726	154726	1.000000	153197	0.990118	0.990118	59.044246	2030	0	0
ecoli_cov5_len150_err0_seed4	bowtie2	10	154726	154697	0.999813	153206	0.990176	0.990362	41.169357	2	0	0
ecoli_cov5_len150_err0_seed4	bwa	10	154726	154726	1.000000	153194	0.990099	0.990099	59.048789	1990	0	0
ecoli_cov5_len150_err0_seed4	minimap2	10	154726	154726	1.000000	153184	0.990034	0.990034	59.067797	1996	0	0
ecoli_cov5_len150_err0_seed5	bowtie2	10	154726	154685	0.999735	153158	0.989866	0.990128	41.172480	2	0	0
ecoli_cov5_len150_err0_seed5	bwa	10	154726	154726	1.000000	153173	0.989963	0.989963	59.053372	1983	0	0
ecoli_cov5_len150_err0_seed5	minimap2	10	154726	154725	0.999994	153188	0.990060	0.990066	59.071895	1988	0	0
phiX_cov100_len150_err0_seed1	bowtie2	10	3600	3600	1.000000	3600	1.000000	1.000000	40.828333	0	0	0
phiX_cov100_len150_err0_seed1	bwa	10	3600	3600	1.000000	3597	0.999167	0.999167	60.000000	0	0	0
phiX_cov100_len150_err0_seed1	minimap2	10	3600	3600	1.000000	3598	0.999444	0.999444	59.971944	0	0	0
phiX_cov100_len150_err0_seed2	bowtie2	10	3600	3600	1.000000	3600	1.000000	1.000000	40.833333	0	0	0
phiX_cov100_len150_err0_seed2	bwa	10	3600	3600	1.000000	3598	0.999444	0.999444	60.000000	0	0	0
phiX_cov100_len150_err0_seed2	minimap2	10	3600	3600	1.000000	3598	0.999444	0.999444	59.975556	0	0	0
phiX_cov100_len150_err0_seed3	bowtie2	10	3600	3600	1.000000	3600	1.000000	1.000000	40.928333	0	0	0
phiX_cov100_len150_err0_seed3	bwa	10	3600	3600	1.000000	3598	0.999444	0.999444	60.000000	0	0	0
phiX_cov100_len150_err0_seed3	minimap2	10	3600	3600	1.000000	3598	0.999444	0.999444	59.980556	0	0	0
phiX_cov100_len150_err0_seed4	bowtie2	10	3600	3600	1.000000	3600	1.000000	1.000000	40.973333	0	0	0
phiX_cov100_len150_err0_seed4	bwa	10	3600	3600	1.000000	3596	0.998889	0.998889	60.000000	0	0	0
phiX_cov100_len150_err0_seed4	minimap2	10	3600	3600	1.000000	3597	0.999167	0.999167	59.985000	0	0	0
phiX_cov100_len150_err0_seed5	bowtie2	10	3600	3600	1.000000	3600	1.000000	1.000000	40.915556	0	0	0
phiX_cov100_len150_err0_seed5	bwa	10	3600	3600	1.000000	3596	0.998889	0.998889	60.000000	0	0	0
phiX_cov100_len150_err0_seed5	minimap2	10	3600	3599	0.999722	3595	0.998611	0.998889	59.968047	0	0	0
phiX_cov10_len150_err0_seed1	bowtie2	10	360	360	1.000000	360	1.000000	1.000000	40.894444	0	0	0
phiX_cov10_len150_err0_seed1	bwa	10	360	360	1.000000	359	0.997222	0.997222	60.000000	0	0	0
phiX_cov10_len150_err0_seed1	minimap2	10	360	360	1.000000	359	0.997222	0.997222	59.983333	0	0	0
phiX_cov10_len150_err0_seed2	bowtie2	10	360	360	1.000000	360	1.000000	1.000000	40.944444	0	0	0
phiX_cov10_len150_err0_seed2	bwa	10	360	360	1.000000	359	0.997222	0.997222	60.000000	0	0	0
phiX_cov10_len150_err0_seed2	minimap2	10	360	360	1.000000	359	0.997222	0.997222	60.000000	0	0	0
phiX_cov10_len150_err0_seed3	bowtie2	10	360	360	1.000000	360	1.000000	1.000000	40.883333	0	0	0
phiX_cov10_len150_err0_seed3	bwa	10	360	360	1.000000	360	1.000000	1.000000	60.000000	0	0	0
phiX_cov10_len150_err0_seed3	minimap2	10	360	360	1.000000	360	1.000000	1.000000	60.000000	0	0	0
phiX_cov10_len150_err0_seed4	bowtie2	10	360	360	1.000000	360	1.000000	1.000000	41.044444	0	0	0
phiX_cov10_len150_err0_seed4	bwa	10	360	360	1.000000	360	1.000000	1.000000	60.000000	0	0	0
phiX_cov10_len150_err0_seed4	minimap2	10	360	360	1.000000	360	1.000000	1.000000	59.991667	0	0	0
phiX_cov10_len150_err0_seed5	bowtie2	10	360	360	1.000000	360	1.000000	1.000000	40.788889	0	0	0
phiX_cov10_len150_err0_seed5	bwa	10	360	360	1.000000	359	0.997222	0.997222	60.000000	0	0	0
phiX_cov10_len150_err0_seed5	minimap2	10	360	360	1.000000	359	0.997222	0.997222	59.975000	0	0	0
phiX_cov20_len150_err0_seed1	bowtie2	10	720	720	1.000000	720	1.000000	1.000000	40.947222	0	0	0
phiX_cov20_len150_err0_seed1	bwa	10	720	720	1.000000	719	0.998611	0.998611	60.000000	0	0	0
phiX_cov20_len150_err0_seed1	minimap2	10	720	720	1.000000	719	0.998611	0.998611	59.972222	0	0	0
phiX_cov20_len150_err0_seed2	bowtie2	10	720	720	1.000000	720	1.000000	1.000000	40.894444	0	0	0
phiX_cov20_len150_err0_seed2	bwa	10	720	720	1.000000	719	0.998611	0.998611	60.000000	0	0	0
phiX_cov20_len150_err0_seed2	minimap2	10	720	720	1.000000	719	0.998611	0.998611	59.972222	0	0	0
phiX_cov20_len150_err0_seed3	bowtie2	10	720	720	1.000000	720	1.000000	1.000000	40.825000	0	0	0
phiX_cov20_len150_err0_seed3	bwa	10	720	720	1.000000	720	1.000000	1.000000	60.000000	0	0	0
phiX_cov20_len150_err0_seed3	minimap2	10	720	720	1.000000	720	1.000000	1.000000	59.987500	0	0	0
phiX_cov20_len150_err0_seed4	bowtie2	10	720	720	1.000000	720	1.000000	1.000000	41.122222	0	0	0
phiX_cov20_len150_err0_seed4	bwa	10	720	720	1.000000	720	1.000000	1.000000	60.000000	0	0	0
phiX_cov20_len150_err0_seed4	minimap2	10	720	720	1.000000	720	1.000000	1.000000	59.991667	0	0	0
phiX_cov20_len150_err0_seed5	bowtie2	10	720	720	1.000000	720	1.000000	1.000000	40.800000	0	0	0
phiX_cov20_len150_err0_seed5	bwa	10	720	720	1.000000	719	0.998611	0.998611	60.000000	0	0	0
phiX_cov20_len150_err0_seed5	minimap2	10	720	720	1.000000	719	0.998611	0.998611	59.975000	0	0	0
phiX_cov30_len100_err0_seed1	bowtie2	10	1620	1618	0.998765	1618	0.998765	1.000000	40.414091	0	0	0
phiX_cov30_len100_err0_seed1	bwa	10	1620	1620	1.000000	1618	0.998765	0.998765	60.000000	0	0	0
phiX_cov30_len100_err0_seed1	minimap2	10	1620	1617	0.998148	1616	0.997531	0.999382	59.504638	0	0	0
phiX_cov30_len100_err0_seed2	bowtie2	10	1620	1616	0.997531	1616	0.997531	1.000000	40.084158	0	0	0
phiX_cov30_len100_err0_seed2	bwa	10	1620	1620	1.000000	1618	0.998765	0.998765	60.000000	0	0	0
phiX_cov30_len100_err0_seed2	minimap2	10	1620	1617	0.998148	1615	0.996914	0.998763	59.472480	0	0	0
phiX_cov30_len100_err0_seed3	bowtie2	10	1620	1610	0.993827	1610	0.993827	1.000000	40.395031	0	0	0
phiX_cov30_len100_err0_seed3	bwa	10	1620	1620	1.000000	1618	0.998765	0.998765	60.000000	0	0	0
phiX_cov30_len100_err0_seed3	minimap2	10	1620	1615	0.996914	1613	0.995679	0.998762	59.604954	0	0	0
phiX_cov30_len100_err0_seed4	bowtie2	10	1620	1618	0.998765	1618	0.998765	1.000000	40.163164	0	0	0
phiX_cov30_len100_err0_seed4	bwa	10	1620	1620	1.000000	1619	0.999383	0.999383	60.000000	0	0	0
phiX_cov30_len100_err0_seed4	minimap2	10	1620	1613	0.995679	1612	0.995062	0.999380	59.557347	0	0	0
phiX_cov30_len100_err0_seed5	bowtie2	10	1620	1618	0.998765	1618	0.998765	1.000000	40.384425	2	0	0
phiX_cov30_len100_err0_seed5	bwa	10	1620	1620	1.000000	1618	0.998765	0.998765	60.000000	0	0	0
phiX_cov30_len100_err0_seed5	minimap2	10	1620	1617	0.998148	1615	0.996914	0.998763	59.549784	0	0	0
phiX_cov30_len150_err-10_seed1	bowtie2	10	1080	1078	0.998148	1078	0.998148	1.000000	40.024119	0	0	0
phiX_cov30_len150_err-10_seed1	bwa	10	1080	1080	1.000000	1079	0.999074	0.999074	60.000000	0	0	0
phiX_cov30_len150_err-10_seed1	minimap2	10	1080	1078	0.998148	1077	0.997222	0.999072	59.686456	0	0	0
phiX_cov30_len150_err-10_seed2	bowtie2	10	1080	1078	0.998148	1078	0.998148	1.000000	40.244898	0	0	0
phiX_cov30_len150_err-10_seed2	bwa	10	1080	1080	1.000000	1079	0.999074	0.999074	60.000000	0	0	0
phiX_cov30_len150_err-10_seed2	minimap2	10	1080	1076	0.996296	1076	0.996296	1.000000	59.757435	0	0	0
phiX_cov30_len150_err-10_seed3	bowtie2	10	1080	1078	0.998148	1078	0.998148	1.000000	40.000000	0	0	0
phiX_cov30_len150_err-10_seed3	bwa	10	1080	1080	1.000000	1077	0.997222	0.997222	60.000000	0	0	0
phiX_cov30_len150_err-10_seed3	minimap2	10	1080	1078	0.998148	1075	0.995370	0.997217	59.801484	0	0	0
phiX_cov30_len150_err-10_seed4	bowtie2	10	1080	1080	1.000000	1080	1.000000	1.000000	39.790741	0	0	0
phiX_cov30_len150_err-10_seed4	bwa	10	1080	1080	1.000000	1079	0.999074	0.999074	60.000000	0	0	0
phiX_cov30_len150_err-10_seed4	minimap2	10	1080	1079	0.999074	1078	0.998148	0.999073	59.873957	0	0	0
phiX_cov30_len150_err-10_seed5	bowtie2	10	1080	1080	1.000000	1080	1.000000	1.000000	40.259259	0	0	0
phiX_cov30_len150_err-10_seed5	bwa	10	1080	1080	1.000000	1079	0.999074	0.999074	60.000000	0	0	0
phiX_cov30_len150_err-10_seed5	minimap2	10	1080	1079	0.999074	1079	0.999074	1.000000	59.777572	0	0	0
phiX_cov30_len150_err-2_seed1	bowtie2	10	1080	1080	1.000000	1080	1.000000	1.000000	41.055556	0	0	0
phiX_cov30_len150_err-2_seed1	bwa	10	1080	1080	1.000000	1080	1.000000	1.000000	60.000000	0	0	0
phiX_cov30_len150_err-2_seed1	minimap2	10	1080	1080	1.000000	1080	1.000000	1.000000	59.975926	0	0	0
phiX_cov30_len150_err-2_seed2	bowtie2	10	1080	1080	1.000000	1080	1.000000	1.000000	40.890741	0	0	0
phiX_cov30_len150_err-2_seed2	bwa	10	1080	1080	1.000000	1080	1.000000	1.000000	60.000000	0	0	0
phiX_cov30_len150_err-2_seed2	minimap2	10	1080	1080	1.000000	1080	1.000000	1.000000	59.966667	0	0	0
phiX_cov30_len150_err-2_seed3	bowtie2	10	1080	1080	1.000000	1080	1.000000	1.000000	41.029630	0	0	0
phiX_cov30_len150_err-2_seed3	bwa	10	1080	1080	1.000000	1080	1.000000	1.000000	60.000000	0	0	0
phiX_cov30_len150_err-2_seed3	minimap2	10	1080	1080	1.000000	1080	1.000000	1.000000	59.962963	0	0	0
phiX_cov30_len150_err-2_seed4	bowtie2	10	1080	1080	1.000000	1080	1.000000	1.000000	40.946296	0	0	0
phiX_cov30_len150_err-2_seed4	bwa	10	1080	1080	1.000000	1079	0.999074	0.999074	60.000000	0	0	0
phiX_cov30_len150_err-2_seed4	minimap2	10	1080	1080	1.000000	1079	0.999074	0.999074	59.959259	0	0	0
phiX_cov30_len150_err-2_seed5	bowtie2	10	1080	1080	1.000000	1080	1.000000	1.000000	40.755556	0	0	0
phiX_cov30_len150_err-2_seed5	bwa	10	1080	1080	1.000000	1080	1.000000	1.000000	60.000000	0	0	0
phiX_cov30_len150_err-2_seed5	minimap2	10	1080	1080	1.000000	1080	1.000000	1.000000	59.980556	0	0	0
phiX_cov30_len150_err-5_seed1	bowtie2	10	1080	1080	1.000000	1080	1.000000	1.000000	40.427778	0	0	0
phiX_cov30_len150_err-5_seed1	bwa	10	1080	1080	1.000000	1079	0.999074	0.999074	60.000000	0	0	0
phiX_cov30_len150_err-5_seed1	minimap2	10	1080	1080	1.000000	1079	0.999074	0.999074	59.961111	0	0	0
phiX_cov30_len150_err-5_seed2	bowtie2	10	1080	1080	1.000000	1080	1.000000	1.000000	40.657407	0	0	0
phiX_cov30_len150_err-5_seed2	bwa	10	1080	1080	1.000000	1080	1.000000	1.000000	60.000000	0	0	0
phiX_cov30_len150_err-5_seed2	minimap2	10	1080	1080	1.000000	1080	1.000000	1.000000	59.931481	0	0	0
phiX_cov30_len150_err-5_seed3	bowtie2	10	1080	1080	1.000000	1080	1.000000	1.000000	40.829630	0	0	0
phiX_cov30_len150_err-5_seed3	bwa	10	1080	1080	1.000000	1080	1.000000	1.000000	60.000000	0	0	0
phiX_cov30_len150_err-5_seed3	minimap2	10	1080	1080	1.000000	1080	1.000000	1.000000	59.944444	0	0	0
phiX_cov30_len150_err-5_seed4	bowtie2	10	1080	1080	1.000000	1080	1.000000	1.000000	40.366667	0	0	0
phiX_cov30_len150_err-5_seed4	bwa	10	1080	1080	1.000000	1079	0.999074	0.999074	60.000000	0	0	0
phiX_cov30_len150_err-5_seed4	minimap2	10	1080	1080	1.000000	1079	0.999074	0.999074	59.925926	0	0	0
phiX_cov30_len150_err-5_seed5	bowtie2	10	1080	1078	0.998148	1078	0.998148	1.000000	40.593692	0	0	0
phiX_cov30_len150_err-5_seed5	bwa	10	1080	1080	1.000000	1078	0.998148	0.998148	60.000000	0	0	0
phiX_cov30_len150_err-5_seed5	minimap2	10	1080	1080	1.000000	1078	0.998148	0.998148	59.939815	0	0	0
phiX_cov30_len150_err0_seed1	bowtie2	10	1080	1080	1.000000	1080	1.000000	1.000000	40.900000	0	0	0
phiX_cov30_len150_err0_seed1	bwa	10	1080	1080	1.000000	1078	0.998148	0.998148	60.000000	0	0	0
phiX_cov30_len150_err0_seed1	minimap2	10	1080	1080	1.000000	1078	0.998148	0.998148	59.981481	0	0	0
phiX_cov30_len150_err0_seed2	bowtie2	10	1080	1080	1.000000	1080	1.000000	1.000000	40.925926	0	0	0
phiX_cov30_len150_err0_seed2	bwa	10	1080	1080	1.000000	1079	0.999074	0.999074	60.000000	0	0	0
phiX_cov30_len150_err0_seed2	minimap2	10	1080	1080	1.000000	1079	0.999074	0.999074	59.972222	0	0	0
phiX_cov30_len150_err0_seed3	bowtie2	10	1080	1080	1.000000	1080	1.000000	1.000000	40.827778	0	0	0
phiX_cov30_len150_err0_seed3	bwa	10	1080	1080	1.000000	1080	1.000000	1.000000	60.000000	0	0	0
phiX_cov30_len150_err0_seed3	minimap2	10	1080	1080	1.000000	1080	1.000000	1.000000	59.982407	0	0	0
phiX_cov30_len150_err0_seed4	bowtie2	10	1080	1080	1.000000	1080	1.000000	1.000000	41.129630	0	0	0
phiX_cov30_len150_err0_seed4	bwa	10	1080	1080	1.000000	1080	1.000000	1.000000	60.000000	0	0	0
phiX_cov30_len150_err0_seed4	minimap2	10	1080	1080	1.000000	1080	1.000000	1.000000	59.977778	0	0	0
phiX_cov30_len150_err0_seed5	bowtie2	10	1080	1080	1.000000	1080	1.000000	1.000000	40.955556	0	0	0
phiX_cov30_len150_err0_seed5	bwa	10	1080	1080	1.000000	1079	0.999074	0.999074	60.000000	0	0	0
phiX_cov30_len150_err0_seed5	minimap2	10	1080	1080	1.000000	1079	0.999074	0.999074	59.979630	0	0	0
phiX_cov30_len75_err0_seed1	bowtie2	10	2160	2130	0.986111	2130	0.986111	1.000000	40.246948	0	0	0
phiX_cov30_len75_err0_seed1	bwa	10	2160	2160	1.000000	2158	0.999074	0.999074	60.000000	0	0	0
phiX_cov30_len75_err0_seed1	minimap2	10	2160	2119	0.981019	2118	0.980556	0.999528	57.200094	0	0	0
phiX_cov30_len75_err0_seed2	bowtie2	10	2160	2141	0.991204	2141	0.991204	1.000000	39.968239	0	0	0
phiX_cov30_len75_err0_seed2	bwa	10	2160	2160	1.000000	2158	0.999074	0.999074	60.000000	0	0	0
phiX_cov30_len75_err0_seed2	minimap2	10	2160	2129	0.985648	2127	0.984722	0.999061	57.115547	0	0	0
phiX_cov30_len75_err0_seed3	bowtie2	10	2160	2138	0.989815	2138	0.989815	1.000000	40.280636	0	0	0
phiX_cov30_len75_err0_seed3	bwa	10	2160	2160	1.000000	2158	0.999074	0.999074	60.000000	0	0	0
phiX_cov30_len75_err0_seed3	minimap2	10	2160	2119	0.981019	2118	0.980556	0.999528	57.319962	0	0	0
phiX_cov30_len75_err0_seed4	bowtie2	10	2160	2147	0.993981	2147	0.993981	1.000000	40.263624	0	0	0
phiX_cov30_len75_err0_seed4	bwa	10	2160	2160	1.000000	2159	0.999537	0.999537	60.000000	0	0	0
phiX_cov30_len75_err0_seed4	minimap2	10	2160	2125	0.983796	2124	0.983333	0.999529	57.160941	0	0	0
phiX_cov30_len75_err0_seed5	bowtie2	10	2160	2139	0.990278	2139	0.990278	1.000000	40.148668	0	0	0
phiX_cov30_len75_err0_seed5	bwa	10	2160	2160	1.000000	2157	0.998611	0.998611	60.000000	0	0	0
phiX_cov30_len75_err0_seed5	minimap2	10	2160	2130	0.986111	2127	0.984722	0.998592	56.874178	0	0	0
phiX_cov50_len150_err0_seed1	bowtie2	10	1800	1800	1.000000	1800	1.000000	1.000000	40.797778	0	0	0
phiX_cov50_len150_err0_seed1	bwa	10	1800	1800	1.000000	1798	0.998889	0.998889	60.000000	0	0	0
phiX_cov50_len150_err0_seed1	minimap2	10	1800	1800	1.000000	1798	0.998889	0.998889	59.977222	0	0	0
phiX_cov50_len150_err0_seed2	bowtie2	10	1800	1800	1.000000	1800	1.000000	1.000000	40.716667	0	0	0
phiX_cov50_len150_err0_seed2	bwa	10	1800	1800	1.000000	1799	0.999444	0.999444	60.000000	0	0	0
phiX_cov50_len150_err0_seed2	minimap2	10	1800	1800	1.000000	1799	0.999444	0.999444	59.980000	0	0	0
phiX_cov50_len150_err0_seed3	bowtie2	10	1800	1800	1.000000	1800	1.000000	1.000000	40.903333	0	0	0
phiX_cov50_len150_err0_seed3	bwa	10	1800	1800	1.000000	1799	0.999444	0.999444	60.000000	0	0	0
phiX_cov50_len150_err0_seed3	minimap2	10	1800	1800	1.000000	1799	0.999444	0.999444	59.983889	0	0	0
phiX_cov50_len150_err0_seed4	bowtie2	10	1800	1800	1.000000	1800	1.000000	1.000000	41.028889	0	0	0
phiX_cov50_len150_err0_seed4	bwa	10	1800	1800	1.000000	1799	0.999444	0.999444	60.000000	0	0	0
phiX_cov50_len150_err0_seed4	minimap2	10	1800	1800	1.000000	1799	0.999444	0.999444	59.984444	0	0	0
phiX_cov50_len150_err0_seed5	bowtie2	10	1800	1800	1.000000	1800	1.000000	1.000000	40.978889	0	0	0
phiX_cov50_len150_err0_seed5	bwa	10	1800	1800	1.000000	1799	0.999444	0.999444	60.000000	0	0	0
phiX_cov50_len150_err0_seed5	minimap2	10	1800	1800	1.000000	1799	0.999444	0.999444	59.983333	0	0	0
phiX_cov5_len150_err0_seed1	bowtie2	10	180	180	1.000000	180	1.000000	1.000000	40.855556	0	0	0
phiX_cov5_len150_err0_seed1	bwa	10	180	180	1.000000	180	1.000000	1.000000	60.000000	0	0	0
phiX_cov5_len150_err0_seed1	minimap2	10	180	180	1.000000	180	1.000000	1.000000	59.966667	0	0	0
phiX_cov5_len150_err0_seed2	bowtie2	10	180	180	1.000000	180	1.000000	1.000000	41.044444	0	0	0
phiX_cov5_len150_err0_seed2	bwa	10	180	180	1.000000	180	1.000000	1.000000	60.000000	0	0	0
phiX_cov5_len150_err0_seed2	minimap2	10	180	180	1.000000	180	1.000000	1.000000	60.000000	0	0	0
phiX_cov5_len150_err0_seed3	bowtie2	10	180	180	1.000000	180	1.000000	1.000000	41.066667	0	0	0
phiX_cov5_len150_err0_seed3	bwa	10	180	180	1.000000	180	1.000000	1.000000	60.000000	0	0	0
phiX_cov5_len150_err0_seed3	minimap2	10	180	180	1.000000	180	1.000000	1.000000	60.000000	0	0	0
phiX_cov5_len150_err0_seed4	bowtie2	10	180	180	1.000000	180	1.000000	1.000000	41.666667	0	0	0
phiX_cov5_len150_err0_seed4	bwa	10	180	180	1.000000	180	1.000000	1.000000	60.000000	0	0	0
phiX_cov5_len150_err0_seed4	minimap2	10	180	180	1.000000	180	1.000000	1.000000	60.000000	0	0	0
phiX_cov5_len150_err0_seed5	bowtie2	10	180	180	1.000000	180	1.000000	1.000000	40.600000	0	0	0
phiX_cov5_len150_err0_seed5	bwa	10	180	180	1.000000	180	1.000000	1.000000	60.000000	0	0	0
phiX_cov5_len150_err0_seed5	minimap2	10	180	180	1.000000	180	1.000000	1.000000	59.983333	0	0	0
