tag	genome	coverage	read_length	qs_shift	seed	reads	total_bases	mutated_genome_len	actual_coverage	mean_q	mean_p	q_effective	frac_q30	r1_mean_q	r2_mean_q
ecoli_cov100_len150_err0_seed1	ecoli	100	150	0	1	3094500	464175000	4641839	99.9981	36.3822	1.947665e-03	27.1049	0.906609	36.5822	36.1823
ecoli_cov100_len150_err0_seed2	ecoli	100	150	0	2	3094500	464175000	4641839	99.9981	36.3820	1.947520e-03	27.1052	0.906572	36.5820	36.1819
ecoli_cov100_len150_err0_seed3	ecoli	100	150	0	3	3094500	464175000	4641839	99.9981	36.3818	1.947764e-03	27.1046	0.906572	36.5819	36.1817
ecoli_cov100_len150_err0_seed4	ecoli	100	150	0	4	3094500	464175000	4641839	99.9981	36.3819	1.947679e-03	27.1048	0.906579	36.5819	36.1820
ecoli_cov100_len150_err0_seed5	ecoli	100	150	0	5	3094500	464175000	4641839	99.9981	36.3817	1.948495e-03	27.1030	0.906565	36.5818	36.1816
ecoli_cov10_len150_err0_seed1	ecoli	10	150	0	1	309450	46417500	4641839	9.9998	36.3826	1.949317e-03	27.1012	0.906636	36.5831	36.1821
ecoli_cov10_len150_err0_seed2	ecoli	10	150	0	2	309450	46417500	4641839	9.9998	36.3812	1.951038e-03	27.0973	0.906544	36.5813	36.1810
ecoli_cov10_len150_err0_seed3	ecoli	10	150	0	3	309450	46417500	4641839	9.9998	36.3816	1.949358e-03	27.1011	0.906528	36.5809	36.1823
ecoli_cov10_len150_err0_seed4	ecoli	10	150	0	4	309450	46417500	4641839	9.9998	36.3807	1.953008e-03	27.0930	0.906528	36.5807	36.1808
ecoli_cov10_len150_err0_seed5	ecoli	10	150	0	5	309450	46417500	4641839	9.9998	36.3820	1.946687e-03	27.1070	0.906584	36.5825	36.1814
ecoli_cov20_len150_err0_seed1	ecoli	20	150	0	1	618900	92835000	4641839	19.9996	36.3820	1.948616e-03	27.1027	0.906605	36.5820	36.1819
ecoli_cov20_len150_err0_seed2	ecoli	20	150	0	2	618900	92835000	4641839	19.9996	36.3821	1.946592e-03	27.1073	0.906576	36.5821	36.1821
ecoli_cov20_len150_err0_seed3	ecoli	20	150	0	3	618900	92835000	4641839	19.9996	36.3817	1.950601e-03	27.0983	0.906538	36.5814	36.1820
ecoli_cov20_len150_err0_seed4	ecoli	20	150	0	4	618900	92835000	4641839	19.9996	36.3813	1.949142e-03	27.1016	0.906543	36.5814	36.1812
ecoli_cov20_len150_err0_seed5	ecoli	20	150	0	5	618900	92835000	4641839	19.9996	36.3821	1.945794e-03	27.1090	0.906581	36.5825	36.1816
ecoli_cov30_len100_err0_seed1	ecoli	30	100	0	1	1392540	139254000	4641839	29.9997	36.1119	1.593260e-03	27.9771	0.923843	36.2837	35.9400
ecoli_cov30_len100_err0_seed2	ecoli	30	100	0	2	1392540	139254000	4641839	29.9997	36.1121	1.593503e-03	27.9765	0.923858	36.2842	35.9400
ecoli_cov30_len100_err0_seed3	ecoli	30	100	0	3	1392540	139254000	4641839	29.9997	36.1120	1.594375e-03	27.9741	0.923844	36.2831	35.9409
ecoli_cov30_len100_err0_seed4	ecoli	30	100	0	4	1392540	139254000	4641839	29.9997	36.1117	1.593521e-03	27.9764	0.923824	36.2832	35.9402
ecoli_cov30_len100_err0_seed5	ecoli	30	100	0	5	1392540	139254000	4641839	29.9997	36.1115	1.594162e-03	27.9747	0.923819	36.2834	35.9396
ecoli_cov30_len150_err-10_seed1	ecoli	30	150	-10	1	928350	139252500	4641839	29.9994	26.3999	1.374706e-02	18.6179	0.196270	26.5971	26.2028
ecoli_cov30_len150_err-10_seed2	ecoli	30	150	-10	2	928350	139252500	4641839	29.9994	26.3998	1.374296e-02	18.6192	0.196273	26.5968	26.2027
ecoli_cov30_len150_err-10_seed3	ecoli	30	150	-10	3	928350	139252500	4641839	29.9994	26.3992	1.375224e-02	18.6163	0.196269	26.5965	26.2019
ecoli_cov30_len150_err-10_seed4	ecoli	30	150	-10	4	928350	139252500	4641839	29.9994	26.3996	1.374813e-02	18.6176	0.196262	26.5969	26.2024
ecoli_cov30_len150_err-10_seed5	ecoli	30	150	-10	5	928350	139252500	4641839	29.9994	26.3992	1.374434e-02	18.6188	0.196260	26.5965	26.2019
ecoli_cov30_len150_err-2_seed1	ecoli	30	150	-2	1	928350	139252500	4641839	29.9994	34.3818	3.086984e-03	25.1047	0.906571	34.5819	34.1817
ecoli_cov30_len150_err-2_seed2	ecoli	30	150	-2	2	928350	139252500	4641839	29.9994	34.3815	3.089677e-03	25.1009	0.906569	34.5815	34.1814
ecoli_cov30_len150_err-2_seed3	ecoli	30	150	-2	3	928350	139252500	4641839	29.9994	34.3817	3.088385e-03	25.1027	0.906552	34.5819	34.1815
ecoli_cov30_len150_err-2_seed4	ecoli	30	150	-2	4	928350	139252500	4641839	29.9994	34.3814	3.089862e-03	25.1006	0.906561	34.5813	34.1816
ecoli_cov30_len150_err-2_seed5	ecoli	30	150	-2	5	928350	139252500	4641839	29.9994	34.3815	3.087633e-03	25.1037	0.906565	34.5812	34.1818
ecoli_cov30_len150_err-5_seed1	ecoli	30	150	-5	1	928350	139252500	4641839	29.9994	31.3817	6.157708e-03	22.1058	0.695941	31.5824	31.1809
ecoli_cov30_len150_err-5_seed2	ecoli	30	150	-5	2	928350	139252500	4641839	29.9994	31.3828	6.155014e-03	22.1077	0.696051	31.5822	31.1833
ecoli_cov30_len150_err-5_seed3	ecoli	30	150	-5	3	928350	139252500	4641839	29.9994	31.3821	6.157628e-03	22.1059	0.695982	31.5823	31.1819
ecoli_cov30_len150_err-5_seed4	ecoli	30	150	-5	4	928350	139252500	4641839	29.9994	31.3819	6.160962e-03	22.1035	0.695951	31.5819	31.1819
ecoli_cov30_len150_err-5_seed5	ecoli	30	150	-5	5	928350	139252500	4641839	29.9994	31.3822	6.155735e-03	22.1072	0.695967	31.5820	31.1825
ecoli_cov30_len150_err0_seed1	ecoli	30	150	0	1	928350	139252500	4641839	29.9994	36.3822	1.948307e-03	27.1034	0.906620	36.5818	36.1825
ecoli_cov30_len150_err0_seed2	ecoli	30	150	0	2	928350	139252500	4641839	29.9994	36.3823	1.945601e-03	27.1095	0.906595	36.5824	36.1821
ecoli_cov30_len150_err0_seed3	ecoli	30	150	0	3	928350	139252500	4641839	29.9994	36.3821	1.949808e-03	27.1001	0.906576	36.5822	36.1820
ecoli_cov30_len150_err0_seed4	ecoli	30	150	0	4	928350	139252500	4641839	29.9994	36.3816	1.949004e-03	27.1019	0.906565	36.5815	36.1816
ecoli_cov30_len150_err0_seed5	ecoli	30	150	0	5	928350	139252500	4641839	29.9994	36.3820	1.946978e-03	27.1064	0.906578	36.5826	36.1815
ecoli_cov30_len75_err0_seed1	ecoli	30	75	0	1	1856730	139254750	4641839	29.9999	36.1505	1.449604e-03	28.3875	0.927942	36.3478	35.9532
ecoli_cov30_len75_err0_seed2	ecoli	30	75	0	2	1856730	139254750	4641839	29.9999	36.1501	1.449637e-03	28.3874	0.927920	36.3481	35.9521
ecoli_cov30_len75_err0_seed3	ecoli	30	75	0	3	1856730	139254750	4641839	29.9999	36.1500	1.449955e-03	28.3865	0.927923	36.3476	35.9525
ecoli_cov30_len75_err0_seed4	ecoli	30	75	0	4	1856730	139254750	4641839	29.9999	36.1506	1.449853e-03	28.3868	0.927937	36.3484	35.9528
ecoli_cov30_len75_err0_seed5	ecoli	30	75	0	5	1856730	139254750	4641839	29.9999	36.1507	1.449338e-03	28.3883	0.927929	36.3484	35.9530
ecoli_cov50_len150_err0_seed1	ecoli	50	150	0	1	1547250	232087500	4641839	49.9990	36.3821	1.949373e-03	27.1011	0.906614	36.5817	36.1825
ecoli_cov50_len150_err0_seed2	ecoli	50	150	0	2	1547250	232087500	4641839	49.9990	36.3819	1.946855e-03	27.1067	0.906573	36.5819	36.1819
ecoli_cov50_len150_err0_seed3	ecoli	50	150	0	3	1547250	232087500	4641839	49.9990	36.3820	1.947890e-03	27.1044	0.906574	36.5824	36.1817
ecoli_cov50_len150_err0_seed4	ecoli	50	150	0	4	1547250	232087500	4641839	49.9990	36.3817	1.948849e-03	27.1022	0.906577	36.5817	36.1818
ecoli_cov50_len150_err0_seed5	ecoli	50	150	0	5	1547250	232087500	4641839	49.9990	36.3818	1.947677e-03	27.1048	0.906561	36.5821	36.1814
ecoli_cov5_len150_err0_seed1	ecoli	5	150	0	1	154726	23208900	4641839	4.9999	36.3821	1.949019e-03	27.1018	0.906613	36.5835	36.1806
ecoli_cov5_len150_err0_seed2	ecoli	5	150	0	2	154726	23208900	4641839	4.9999	36.3815	1.950523e-03	27.0985	0.906626	36.5809	36.1822
ecoli_cov5_len150_err0_seed3	ecoli	5	150	0	3	154726	23208900	4641839	4.9999	36.3806	1.949395e-03	27.1010	0.906526	36.5795	36.1817
ecoli_cov5_len150_err0_seed4	ecoli	5	150	0	4	154726	23208900	4641839	4.9999	36.3807	1.954682e-03	27.0892	0.906586	36.5804	36.1811
ecoli_cov5_len150_err0_seed5	ecoli	5	150	0	5	154726	23208900	4641839	4.9999	36.3829	1.944334e-03	27.1123	0.906652	36.5838	36.1820
phiX_cov100_len150_err0_seed1	phiX	100	150	0	1	3600	540000	5400	100.0000	36.3848	1.945167e-03	27.1104	0.906550	36.5771	36.1924
phiX_cov100_len150_err0_seed2	phiX	100	150	0	2	3600	540000	5400	100.0000	36.3821	1.965668e-03	27.0649	0.906757	36.5745	36.1897
phiX_cov100_len150_err0_seed3	phiX	100	150	0	3	3600	540000	5400	100.0000	36.3748	1.987383e-03	27.0172	0.906354	36.5866	36.1630
phiX_cov100_len150_err0_seed4	phiX	100	150	0	4	3600	540000	5400	100.0000	36.3831	1.949015e-03	27.1018	0.906589	36.5772	36.1889
phiX_cov100_len150_err0_seed5	phiX	100	150	0	5	3600	540000	5400	100.0000	36.3796	1.963009e-03	27.0708	0.906624	36.5938	36.1654
phiX_cov10_len150_err0_seed1	phiX	10	150	0	1	360	54000	5400	10.0000	36.4231	1.801715e-03	27.4431	0.908463	36.6514	36.1947
phiX_cov10_len150_err0_seed2	phiX	10	150	0	2	360	54000	5400	10.0000	36.4001	1.874013e-03	27.2723	0.908074	36.6028	36.1973
phiX_cov10_len150_err0_seed3	phiX	10	150	0	3	360	54000	5400	10.0000	36.3873	2.049223e-03	26.8841	0.906481	36.6326	36.1420
phiX_cov10_len150_err0_seed4	phiX	10	150	0	4	360	54000	5400	10.0000	36.4393	1.889291e-03	27.2370	0.909611	36.6497	36.2289
phiX_cov10_len150_err0_seed5	phiX	10	150	0	5	360	54000	5400	10.0000	36.3748	1.980642e-03	27.0319	0.905444	36.6073	36.1423
phiX_cov20_len150_err0_seed1	phiX	20	150	0	1	720	108000	5400	20.0000	36.3891	1.893617e-03	27.2271	0.906704	36.6142	36.1639
phiX_cov20_len150_err0_seed2	phiX	20	150	0	2	720	108000	5400	20.0000	36.3953	1.921833e-03	27.1628	0.907843	36.6049	36.1857
phiX_cov20_len150_err0_seed3	phiX	20	150	0	3	720	108000	5400	20.0000	36.3727	2.022878e-03	26.9403	0.906352	36.6079	36.1375
phiX_cov20_len150_err0_seed4	phiX	20	150	0	4	720	108000	5400	20.0000	36.4023	1.931389e-03	27.1413	0.907657	36.6162	36.1884
phiX_cov20_len150_err0_seed5	phiX	20	150	0	5	720	108000	5400	20.0000	36.3709	1.931516e-03	27.1410	0.905778	36.5965	36.1453
phiX_cov30_len100_err0_seed1	phiX	30	100	0	1	1620	162000	5400	30.0000	36.1215	1.572418e-03	28.0343	0.923932	36.2929	35.9500
phiX_cov30_len100_err0_seed2	phiX	30	100	0	2	1620	162000	5400	30.0000	36.1173	1.573445e-03	28.0315	0.924438	36.2956	35.9391
phiX_cov30_len100_err0_seed3	phiX	30	100	0	3	1620	162000	5400	30.0000	36.1045	1.622427e-03	27.8983	0.923512	36.2778	35.9312
phiX_cov30_len100_err0_seed4	phiX	30	100	0	4	1620	162000	5400	30.0000	36.0953	1.612955e-03	27.9238	0.923062	36.2656	35.9250
phiX_cov30_len100_err0_seed5	phiX	30	100	0	5	1620	162000	5400	30.0000	36.1239	1.599797e-03	27.9594	0.924432	36.2976	35.9501
phiX_cov30_len150_err-10_seed1	phiX	30	150	-10	1	1080	162000	5400	30.0000	26.3962	1.404489e-02	18.5248	0.195914	26.6109	26.1816
phiX_cov30_len150_err-10_seed2	phiX	30	150	-10	2	1080	162000	5400	30.0000	26.3843	1.402621e-02	18.5306	0.196401	26.5825	26.1860
phiX_cov30_len150_err-10_seed3	phiX	30	150	-10	3	1080	162000	5400	30.0000	26.3796	1.432091e-02	18.4403	0.194735	26.5670	26.1922
phiX_cov30_len150_err-10_seed4	phiX	30	150	-10	4	1080	162000	5400	30.0000	26.3780	1.388785e-02	18.5737	0.195599	26.5586	26.1974
phiX_cov30_len150_err-10_seed5	phiX	30	150	-10	5	1080	162000	5400	30.0000	26.3772	1.415805e-02	18.4900	0.196290	26.5956	26.1589
phiX_cov30_len150_err-2_seed1	phiX	30	150	-2	1	1080	162000	5400	30.0000	34.3842	3.075978e-03	25.1202	0.906531	34.5810	34.1874
phiX_cov30_len150_err-2_seed2	phiX	30	150	-2	2	1080	162000	5400	30.0000	34.3921	2.975889e-03	25.2638	0.907136	34.6132	34.1710
phiX_cov30_len150_err-2_seed3	phiX	30	150	-2	3	1080	162000	5400	30.0000	34.3699	3.168236e-03	24.9918	0.906549	34.5883	34.1516
phiX_cov30_len150_err-2_seed4	phiX	30	150	-2	4	1080	162000	5400	30.0000	34.3964	3.063370e-03	25.1380	0.908006	34.6100	34.1828
phiX_cov30_len150_err-2_seed5	phiX	30	150	-2	5	1080	162000	5400	30.0000	34.3873	3.006892e-03	25.2188	0.907253	34.5757	34.1990
phiX_cov30_len150_err-5_seed1	phiX	30	150	-5	1	1080	162000	5400	30.0000	31.3712	6.108544e-03	22.1406	0.694160	31.5787	31.1636
phiX_cov30_len150_err-5_seed2	phiX	30	150	-5	2	1080	162000	5400	30.0000	31.3748	6.117179e-03	22.1345	0.694383	31.5587	31.1910
phiX_cov30_len150_err-5_seed3	phiX	30	150	-5	3	1080	162000	5400	30.0000	31.3654	6.184723e-03	22.0868	0.694420	31.5672	31.1636
phiX_cov30_len150_err-5_seed4	phiX	30	150	-5	4	1080	162000	5400	30.0000	31.3685	6.183283e-03	22.0878	0.694228	31.5567	31.1803
phiX_cov30_len150_err-5_seed5	phiX	30	150	-5	5	1080	162000	5400	30.0000	31.3768	6.139835e-03	22.1184	0.695241	31.5673	31.1862
phiX_cov30_len150_err0_seed1	phiX	30	150	0	1	1080	162000	5400	30.0000	36.3866	1.916672e-03	27.1745	0.906735	36.5974	36.1759
phiX_cov30_len150_err0_seed2	phiX	30	150	0	2	1080	162000	5400	30.0000	36.3951	1.922096e-03	27.1622	0.907790	36.5954	36.1948
phiX_cov30_len150_err0_seed3	phiX	30	150	0	3	1080	162000	5400	30.0000	36.3723	2.024275e-03	26.9373	0.906617	36.5962	36.1484
phiX_cov30_len150_err0_seed4	phiX	30	150	0	4	1080	162000	5400	30.0000	36.4002	1.943184e-03	27.1149	0.907253	36.5984	36.2020
phiX_cov30_len150_err0_seed5	phiX	30	150	0	5	1080	162000	5400	30.0000	36.3772	1.948729e-03	27.1025	0.906475	36.5947	36.1597
phiX_cov30_len75_err0_seed1	phiX	30	75	0	1	2160	162000	5400	30.0000	36.1430	1.441692e-03	28.4113	0.927481	36.3654	35.9206
phiX_cov30_len75_err0_seed2	phiX	30	75	0	2	2160	162000	5400	30.0000	36.1628	1.415355e-03	28.4913	0.928642	36.3596	35.9660
phiX_cov30_len75_err0_seed3	phiX	30	75	0	3	2160	162000	5400	30.0000	36.1479	1.462754e-03	28.3483	0.928056	36.3580	35.9377
phiX_cov30_len75_err0_seed4	phiX	30	75	0	4	2160	162000	5400	30.0000	36.1597	1.435046e-03	28.4313	0.928568	36.3533	35.9661
phiX_cov30_len75_err0_seed5	phiX	30	75	0	5	2160	162000	5400	30.0000	36.1610	1.444968e-03	28.4014	0.928204	36.3519	35.9702
phiX_cov50_len150_err0_seed1	phiX	50	150	0	1	1800	270000	5400	50.0000	36.3754	1.961336e-03	27.0745	0.906089	36.5782	36.1725
phiX_cov50_len150_err0_seed2	phiX	50	150	0	2	1800	270000	5400	50.0000	36.3813	1.963747e-03	27.0691	0.906959	36.5822	36.1803
phiX_cov50_len150_err0_seed3	phiX	50	150	0	3	1800	270000	5400	50.0000	36.3714	2.003873e-03	26.9813	0.906222	36.5807	36.1621
phiX_cov50_len150_err0_seed4	phiX	50	150	0	4	1800	270000	5400	50.0000	36.3915	1.963514e-03	27.0697	0.906911	36.5912	36.1918
phiX_cov50_len150_err0_seed5	phiX	50	150	0	5	1800	270000	5400	50.0000	36.3710	1.994506e-03	27.0016	0.906400	36.5867	36.1554
phiX_cov5_len150_err0_seed1	phiX	5	150	0	1	180	27000	5400	5.0000	36.4183	1.849838e-03	27.3287	0.907889	36.6467	36.1898
phiX_cov5_len150_err0_seed2	phiX	5	150	0	2	180	27000	5400	5.0000	36.3904	1.798858e-03	27.4500	0.907000	36.5723	36.2084
phiX_cov5_len150_err0_seed3	phiX	5	150	0	3	180	27000	5400	5.0000	36.3833	2.059932e-03	26.8615	0.906481	36.6301	36.1364
phiX_cov5_len150_err0_seed4	phiX	5	150	0	4	180	27000	5400	5.0000	36.4319	1.840501e-03	27.3506	0.908889	36.6279	36.2359
phiX_cov5_len150_err0_seed5	phiX	5	150	0	5	180	27000	5400	5.0000	36.3706	1.946081e-03	27.1084	0.905444	36.6347	36.1065
