genome	coverage	read_length	qs_shift	seed	aligner	caller	variant_type	callset	scoring_method	TP	FP	FN	precision	recall	f1	mapping_rate	mean_mapq	mean_depth	placement_accuracy	align_seconds	call_seconds	peak_rss_mb
ecoli	30	150	0	1	bowtie2	bcftools	SNV	raw	pre_split	4927	18	73	0.996400	0.985400	0.990800	0.999806	41.168	29.980	0.990142	17.55	9.72	67.1
ecoli	30	150	0	1	bowtie2	bcftools	INDEL	raw	pre_split	980	21	20	0.979000	0.980000	0.979500	0.999806	41.168	29.980	0.990142	17.55	9.72	67.1
ecoli	30	150	0	1	bowtie2	freebayes	SNV	raw	pre_split	4949	66	51	0.986800	0.989800	0.988300	0.999806	41.168	29.980	0.990142	17.55	10.84	67.1
ecoli	30	150	0	1	bowtie2	freebayes	INDEL	raw	pre_split	976	18	24	0.981900	0.976000	0.978900	0.999806	41.168	29.980	0.990142	17.55	10.84	67.1
ecoli	30	150	0	1	bowtie2	gatk	SNV	raw	pre_split	4906	2	94	0.999600	0.981200	0.990300	0.999806	41.168	29.980	0.990142	17.55	31.00	67.1
ecoli	30	150	0	1	bowtie2	gatk	INDEL	raw	pre_split	983	5	17	0.994900	0.983000	0.988900	0.999806	41.168	29.980	0.990142	17.55	31.00	67.1
ecoli	30	150	0	1	bwa	bcftools	SNV	raw	pre_split	4948	6	52	0.998800	0.989600	0.994200	1.000000	59.064	29.983	0.990278	5.16	9.92	382.0
ecoli	30	150	0	1	bwa	bcftools	INDEL	raw	pre_split	990	4	10	0.996000	0.990000	0.993000	1.000000	59.064	29.983	0.990278	5.16	9.92	382.0
ecoli	30	150	0	1	bwa	freebayes	SNV	raw	pre_split	4946	16	54	0.996800	0.989200	0.993000	1.000000	59.064	29.983	0.990278	5.16	10.61	382.0
ecoli	30	150	0	1	bwa	freebayes	INDEL	raw	pre_split	983	9	17	0.990900	0.983000	0.986900	1.000000	59.064	29.983	0.990278	5.16	10.61	382.0
ecoli	30	150	0	1	bwa	gatk	SNV	raw	pre_split	4948	2	52	0.999600	0.989600	0.994600	1.000000	59.064	29.983	0.990278	5.16	31.25	382.0
ecoli	30	150	0	1	bwa	gatk	INDEL	raw	pre_split	990	6	10	0.994000	0.990000	0.992000	1.000000	59.064	29.983	0.990278	5.16	31.25	382.0
ecoli	30	150	0	1	minimap2	bcftools	SNV	raw	pre_split	4944	6	56	0.998800	0.988800	0.993800	1.000000	59.084	29.983	0.990194	1.85	9.82	490.5
ecoli	30	150	0	1	minimap2	bcftools	INDEL	raw	pre_split	990	4	10	0.996000	0.990000	0.993000	1.000000	59.084	29.983	0.990194	1.85	9.82	490.5
ecoli	30	150	0	1	minimap2	freebayes	SNV	raw	pre_split	4946	16	54	0.996800	0.989200	0.993000	1.000000	59.084	29.983	0.990194	1.85	10.66	490.5
ecoli	30	150	0	1	minimap2	freebayes	INDEL	raw	pre_split	984	9	16	0.990900	0.984000	0.987500	1.000000	59.084	29.983	0.990194	1.85	10.66	490.5
ecoli	30	150	0	1	minimap2	gatk	SNV	raw	pre_split	4941	2	59	0.999600	0.988200	0.993900	1.000000	59.084	29.983	0.990194	1.85	31.72	490.5
ecoli	30	150	0	1	minimap2	gatk	INDEL	raw	pre_split	989	6	11	0.994000	0.989000	0.991500	1.000000	59.084	29.983	0.990194	1.85	31.72	490.5
ecoli	30	150	0	1	bowtie2	bcftools	SNV	raw	single_run	4930	16	70	0.996800	0.986000	0.991400	0.999806	41.168	29.980	0.990142	17.55	9.72	67.1
ecoli	30	150	0	1	bowtie2	bcftools	INDEL	raw	single_run	982	19	18	0.981000	0.982000	0.981500	0.999806	41.168	29.980	0.990142	17.55	9.72	67.1
ecoli	30	150	0	1	bowtie2	freebayes	SNV	raw	single_run	4956	50	44	0.990000	0.991200	0.990600	0.999806	41.168	29.980	0.990142	17.55	10.84	67.1
ecoli	30	150	0	1	bowtie2	freebayes	INDEL	raw	single_run	987	9	13	0.990900	0.987000	0.989000	0.999806	41.168	29.980	0.990142	17.55	10.84	67.1
ecoli	30	150	0	1	bowtie2	gatk	SNV	raw	single_run	4910	0	90	1.000000	0.982000	0.990900	0.999806	41.168	29.980	0.990142	17.55	31.00	67.1
ecoli	30	150	0	1	bowtie2	gatk	INDEL	raw	single_run	987	0	13	1.000000	0.987000	0.993500	0.999806	41.168	29.980	0.990142	17.55	31.00	67.1
ecoli	30	150	0	1	bwa	bcftools	SNV	raw	single_run	4952	4	48	0.999200	0.990400	0.994800	1.000000	59.064	29.983	0.990278	5.16	9.92	382.0
ecoli	30	150	0	1	bwa	bcftools	INDEL	raw	single_run	994	0	6	1.000000	0.994000	0.997000	1.000000	59.064	29.983	0.990278	5.16	9.92	382.0
ecoli	30	150	0	1	bwa	freebayes	SNV	raw	single_run	4953	0	47	1.000000	0.990600	0.995300	1.000000	59.064	29.983	0.990278	5.16	10.61	382.0
ecoli	30	150	0	1	bwa	freebayes	INDEL	raw	single_run	994	0	6	1.000000	0.994000	0.997000	1.000000	59.064	29.983	0.990278	5.16	10.61	382.0
ecoli	30	150	0	1	bwa	gatk	SNV	raw	single_run	4953	0	47	1.000000	0.990600	0.995300	1.000000	59.064	29.983	0.990278	5.16	31.25	382.0
ecoli	30	150	0	1	bwa	gatk	INDEL	raw	single_run	995	0	5	1.000000	0.995000	0.997500	1.000000	59.064	29.983	0.990278	5.16	31.25	382.0
ecoli	30	150	0	1	minimap2	bcftools	SNV	raw	single_run	4948	4	52	0.999200	0.989600	0.994400	1.000000	59.084	29.983	0.990194	1.85	9.82	490.5
ecoli	30	150	0	1	minimap2	bcftools	INDEL	raw	single_run	994	0	6	1.000000	0.994000	0.997000	1.000000	59.084	29.983	0.990194	1.85	9.82	490.5
ecoli	30	150	0	1	minimap2	freebayes	SNV	raw	single_run	4953	0	47	1.000000	0.990600	0.995300	1.000000	59.084	29.983	0.990194	1.85	10.66	490.5
ecoli	30	150	0	1	minimap2	freebayes	INDEL	raw	single_run	995	0	5	1.000000	0.995000	0.997500	1.000000	59.084	29.983	0.990194	1.85	10.66	490.5
ecoli	30	150	0	1	minimap2	gatk	SNV	raw	single_run	4946	0	54	1.000000	0.989200	0.994600	1.000000	59.084	29.983	0.990194	1.85	31.72	490.5
ecoli	30	150	0	1	minimap2	gatk	INDEL	raw	single_run	994	0	6	1.000000	0.994000	0.997000	1.000000	59.084	29.983	0.990194	1.85	31.72	490.5
phiX	30	150	0	1	bowtie2	bcftools	SNV	raw	pre_split	50	0	0	1.000000	1.000000	1.000000	1.000000	40.900	29.934	1.000000	0.09	0.07	57.5
phiX	30	150	0	1	bowtie2	bcftools	INDEL	raw	pre_split	10	0	0	1.000000	1.000000	1.000000	1.000000	40.900	29.934	1.000000	0.09	0.07	57.5
phiX	30	150	0	1	bowtie2	freebayes	SNV	raw	pre_split	50	0	0	1.000000	1.000000	1.000000	1.000000	40.900	29.934	1.000000	0.09	0.02	57.5
phiX	30	150	0	1	bowtie2	freebayes	INDEL	raw	pre_split	10	0	0	1.000000	1.000000	1.000000	1.000000	40.900	29.934	1.000000	0.09	0.02	57.5
phiX	30	150	0	1	bowtie2	gatk	SNV	raw	pre_split	50	0	0	1.000000	1.000000	1.000000	1.000000	40.900	29.934	1.000000	0.09	1.94	57.5
phiX	30	150	0	1	bowtie2	gatk	INDEL	raw	pre_split	10	0	0	1.000000	1.000000	1.000000	1.000000	40.900	29.934	1.000000	0.09	1.94	57.5
phiX	30	150	0	1	bwa	bcftools	SNV	raw	pre_split	50	0	0	1.000000	1.000000	1.000000	1.000000	60.000	29.890	0.998148	0.01	0.07	3.1
phiX	30	150	0	1	bwa	bcftools	INDEL	raw	pre_split	10	0	0	1.000000	1.000000	1.000000	1.000000	60.000	29.890	0.998148	0.01	0.07	3.1
phiX	30	150	0	1	bwa	freebayes	SNV	raw	pre_split	50	0	0	1.000000	1.000000	1.000000	1.000000	60.000	29.890	0.998148	0.01	0.03	3.1
phiX	30	150	0	1	bwa	freebayes	INDEL	raw	pre_split	10	0	0	1.000000	1.000000	1.000000	1.000000	60.000	29.890	0.998148	0.01	0.03	3.1
phiX	30	150	0	1	bwa	gatk	SNV	raw	pre_split	50	0	0	1.000000	1.000000	1.000000	1.000000	60.000	29.890	0.998148	0.01	2.28	3.1
phiX	30	150	0	1	bwa	gatk	INDEL	raw	pre_split	10	0	0	1.000000	1.000000	1.000000	1.000000	60.000	29.890	0.998148	0.01	2.28	3.1
phiX	30	150	0	1	minimap2	bcftools	SNV	raw	pre_split	50	0	0	1.000000	1.000000	1.000000	1.000000	59.981	29.892	0.998148	0.00	0.07	3.9
phiX	30	150	0	1	minimap2	bcftools	INDEL	raw	pre_split	10	0	0	1.000000	1.000000	1.000000	1.000000	59.981	29.892	0.998148	0.00	0.07	3.9
phiX	30	150	0	1	minimap2	freebayes	SNV	raw	pre_split	50	0	0	1.000000	1.000000	1.000000	1.000000	59.981	29.892	0.998148	0.00	0.02	3.9
phiX	30	150	0	1	minimap2	freebayes	INDEL	raw	pre_split	10	0	0	1.000000	1.000000	1.000000	1.000000	59.981	29.892	0.998148	0.00	0.02	3.9
phiX	30	150	0	1	minimap2	gatk	SNV	raw	pre_split	50	0	0	1.000000	1.000000	1.000000	1.000000	59.981	29.892	0.998148	0.00	1.99	3.9
phiX	30	150	0	1	minimap2	gatk	INDEL	raw	pre_split	10	0	0	1.000000	1.000000	1.000000	1.000000	59.981	29.892	0.998148	0.00	1.99	3.9
phiX	30	150	0	1	bowtie2	bcftools	SNV	raw	single_run	50	0	0	1.000000	1.000000	1.000000	1.000000	40.900	29.934	1.000000	0.09	0.07	57.5
phiX	30	150	0	1	bowtie2	bcftools	INDEL	raw	single_run	10	0	0	1.000000	1.000000	1.000000	1.000000	40.900	29.934	1.000000	0.09	0.07	57.5
phiX	30	150	0	1	bowtie2	freebayes	SNV	raw	single_run	50	0	0	1.000000	1.000000	1.000000	1.000000	40.900	29.934	1.000000	0.09	0.02	57.5
phiX	30	150	0	1	bowtie2	freebayes	INDEL	raw	single_run	10	0	0	1.000000	1.000000	1.000000	1.000000	40.900	29.934	1.000000	0.09	0.02	57.5
phiX	30	150	0	1	bowtie2	gatk	SNV	raw	single_run	50	0	0	1.000000	1.000000	1.000000	1.000000	40.900	29.934	1.000000	0.09	1.94	57.5
phiX	30	150	0	1	bowtie2	gatk	INDEL	raw	single_run	10	0	0	1.000000	1.000000	1.000000	1.000000	40.900	29.934	1.000000	0.09	1.94	57.5
phiX	30	150	0	1	bwa	bcftools	SNV	raw	single_run	50	0	0	1.000000	1.000000	1.000000	1.000000	60.000	29.890	0.998148	0.01	0.07	3.1
phiX	30	150	0	1	bwa	bcftools	INDEL	raw	single_run	10	0	0	1.000000	1.000000	1.000000	1.000000	60.000	29.890	0.998148	0.01	0.07	3.1
phiX	30	150	0	1	bwa	freebayes	SNV	raw	single_run	50	0	0	1.000000	1.000000	1.000000	1.000000	60.000	29.890	0.998148	0.01	0.03	3.1
phiX	30	150	0	1	bwa	freebayes	INDEL	raw	single_run	10	0	0	1.000000	1.000000	1.000000	1.000000	60.000	29.890	0.998148	0.01	0.03	3.1
phiX	30	150	0	1	bwa	gatk	SNV	raw	single_run	50	0	0	1.000000	1.000000	1.000000	1.000000	60.000	29.890	0.998148	0.01	2.28	3.1
phiX	30	150	0	1	bwa	gatk	INDEL	raw	single_run	10	0	0	1.000000	1.000000	1.000000	1.000000	60.000	29.890	0.998148	0.01	2.28	3.1
phiX	30	150	0	1	minimap2	bcftools	SNV	raw	single_run	50	0	0	1.000000	1.000000	1.000000	1.000000	59.981	29.892	0.998148	0.00	0.07	3.9
phiX	30	150	0	1	minimap2	bcftools	INDEL	raw	single_run	10	0	0	1.000000	1.000000	1.000000	1.000000	59.981	29.892	0.998148	0.00	0.07	3.9
phiX	30	150	0	1	minimap2	freebayes	SNV	raw	single_run	50	0	0	1.000000	1.000000	1.000000	1.000000	59.981	29.892	0.998148	0.00	0.02	3.9
phiX	30	150	0	1	minimap2	freebayes	INDEL	raw	single_run	10	0	0	1.000000	1.000000	1.000000	1.000000	59.981	29.892	0.998148	0.00	0.02	3.9
phiX	30	150	0	1	minimap2	gatk	SNV	raw	single_run	50	0	0	1.000000	1.000000	1.000000	1.000000	59.981	29.892	0.998148	0.00	1.99	3.9
phiX	30	150	0	1	minimap2	gatk	INDEL	raw	single_run	10	0	0	1.000000	1.000000	1.000000	1.000000	59.981	29.892	0.998148	0.00	1.99	3.9
